US index ready: 224,613 markets
05:18:46  signals=17   placebo=40   (7s)
US index ready: 224,613 markets
05:20:55  signals=17   placebo=40   (8s)
US index ready: 224,613 markets
05:23:04  signals=15   placebo=40   (8s)
US index ready: 224,613 markets
05:25:13  signals=15   placebo=40   (8s)
US index ready: 224,613 markets
05:27:23  signals=15   placebo=40   (9s)
US index ready: 224,613 markets
05:29:35  signals=15   placebo=40   (8s)
US index ready: 224,613 markets
05:31:46  signals=15   placebo=40   (9s)
US index ready: 224,613 markets
05:33:54  signals=15   placebo=40   (7s)
US index ready: 224,613 markets
05:36:03  signals=15   placebo=40   (8s)
US index ready: 224,613 markets
05:38:15  signals=15   placebo=40   (10s)
US index ready: 224,613 markets
05:40:24  signals=15   placebo=40   (8s)
US index ready: 224,613 markets
05:42:32  signals=15   placebo=40   (8s)
US index ready: 224,613 markets
05:44:40  signals=15   placebo=40   (7s)
US index ready: 224,613 markets
05:46:48  signals=15   placebo=40   (7s)
US index ready: 224,613 markets
05:48:57  signals=15   placebo=40   (8s)
US index ready: 224,613 markets
05:51:06  signals=15   placebo=40   (8s)
US index ready: 224,613 markets
05:53:14  signals=13   placebo=40   (7s)
US index ready: 224,613 markets
05:55:21  signals=13   placebo=40   (6s)
US index ready: 224,613 markets
05:57:29  signals=13   placebo=40   (8s)
US index ready: 224,613 markets
05:59:37  signals=13   placebo=40   (6s)
US index ready: 224,613 markets
06:01:46  signals=13   placebo=40   (8s)
US index ready: 224,613 markets
06:03:56  signals=13   placebo=40   (9s)
US index ready: 224,613 markets
06:06:06  signals=13   placebo=40   (9s)
US index ready: 224,613 markets
06:08:14  signals=13   placebo=40   (8s)
US index ready: 224,613 markets
06:10:22  signals=13   placebo=40   (6s)
US index ready: 224,613 markets
06:12:30  signals=13   placebo=40   (7s)
US index ready: 224,613 markets
06:14:40  signals=13   placebo=40   (9s)
US index ready: 224,613 markets
06:16:48  signals=13   placebo=40   (7s)
US index ready: 224,613 markets
06:18:57  signals=13   placebo=40   (8s)
US index ready: 224,613 markets
06:21:07  signals=13   placebo=40   (9s)
US index ready: 224,613 markets
06:23:16  signals=13   placebo=40   (8s)
US index ready: 224,613 markets
06:25:25  signals=12   placebo=40   (7s)
US index ready: 224,613 markets
06:27:33  signals=13   placebo=40   (8s)
US index ready: 224,613 markets
06:29:42  signals=13   placebo=40   (8s)
US index ready: 224,613 markets
06:31:52  signals=13   placebo=40   (9s)
US index ready: 224,613 markets
06:34:02  signals=13   placebo=40   (9s)
US index ready: 224,613 markets
06:36:13  signals=13   placebo=40   (10s)
US index ready: 224,613 markets
06:38:25  signals=13   placebo=40   (11s)
US index ready: 224,613 markets
06:40:36  signals=13   placebo=40   (10s)
US index ready: 224,613 markets
06:42:44  signals=13   placebo=40   (7s)
US index ready: 224,613 markets
06:44:54  signals=13   placebo=40   (9s)
US index ready: 224,613 markets
06:47:05  signals=13   placebo=40   (9s)
US index ready: 224,613 markets
06:49:13  signals=13   placebo=40   (7s)
US index ready: 224,613 markets
06:51:21  signals=13   placebo=40   (7s)
US index ready: 224,613 markets
06:53:32  signals=13   placebo=40   (9s)
US index ready: 224,613 markets
06:55:40  signals=13   placebo=40   (7s)
US index ready: 224,613 markets
06:57:48  signals=13   placebo=40   (8s)
US index ready: 224,613 markets
06:59:56  signals=13   placebo=40   (7s)
US index ready: 224,613 markets
07:02:08  signals=13   placebo=40   (10s)
US index ready: 224,613 markets
07:04:17  signals=13   placebo=40   (8s)
US index ready: 224,613 markets
07:06:26  signals=13   placebo=40   (8s)
US index ready: 224,613 markets
07:08:34  signals=13   placebo=40   (7s)
US index ready: 224,613 markets
07:10:42  signals=13   placebo=40   (7s)
US index ready: 224,613 markets
07:12:51  signals=13   placebo=40   (8s)
US index ready: 224,613 markets
07:14:59  signals=13   placebo=40   (7s)
US index ready: 224,613 markets
07:17:08  signals=13   placebo=40   (7s)
US index ready: 224,613 markets
07:19:17  signals=13   placebo=40   (8s)
US index ready: 224,613 markets
07:21:26  signals=13   placebo=40   (7s)
US index ready: 224,613 markets
07:23:35  signals=13   placebo=40   (7s)
US index ready: 224,613 markets
07:25:44  signals=13   placebo=40   (7s)
US index ready: 224,613 markets
07:27:52  signals=13   placebo=40   (7s)
US index ready: 224,613 markets
07:30:00  signals=13   placebo=40   (7s)
US index ready: 224,613 markets
07:32:08  signals=13   placebo=40   (7s)
US index ready: 224,613 markets
07:34:19  signals=13   placebo=40   (9s)
US index ready: 224,613 markets
07:36:26  signals=13   placebo=40   (7s)
US index ready: 224,613 markets
07:38:35  signals=13   placebo=40   (8s)
US index ready: 224,613 markets
07:40:43  signals=13   placebo=40   (7s)
US index ready: 224,613 markets
07:42:52  signals=13   placebo=40   (7s)
US index ready: 224,613 markets
07:45:00  signals=13   placebo=40   (7s)
US index ready: 224,613 markets
07:47:08  signals=13   placebo=40   (7s)
US index ready: 224,613 markets
07:49:16  signals=13   placebo=40   (7s)
US index ready: 224,613 markets
07:51:26  signals=15   placebo=40   (10s)
US index ready: 224,613 markets
07:53:34  signals=15   placebo=40   (7s)
US index ready: 224,613 markets
07:55:43  signals=15   placebo=40   (8s)
US index ready: 224,613 markets
07:57:51  signals=15   placebo=40   (7s)
US index ready: 224,613 markets
07:59:59  signals=15   placebo=40   (7s)
US index ready: 224,613 markets
08:02:08  signals=15   placebo=40   (8s)
US index ready: 224,613 markets
08:04:17  signals=15   placebo=40   (7s)
US index ready: 224,613 markets
08:06:25  signals=15   placebo=40   (8s)
US index ready: 224,613 markets
08:08:33  signals=15   placebo=40   (7s)
US index ready: 224,613 markets
08:10:42  signals=15   placebo=40   (8s)
US index ready: 224,613 markets
08:12:51  signals=15   placebo=40   (7s)
US index ready: 224,613 markets
08:14:59  signals=15   placebo=40   (8s)
US index ready: 224,613 markets
08:17:08  signals=15   placebo=40   (8s)
US index ready: 224,613 markets
08:19:17  signals=15   placebo=40   (8s)
US index ready: 224,613 markets
08:21:25  signals=15   placebo=40   (8s)
US index ready: 224,613 markets
08:23:34  signals=14   placebo=40   (8s)
US index ready: 224,613 markets
08:25:43  signals=15   placebo=40   (8s)
US index ready: 224,613 markets
08:27:51  signals=15   placebo=40   (8s)
US index ready: 224,613 markets
08:30:00  signals=16   placebo=40   (8s)
US index ready: 224,613 markets
08:32:09  signals=17   placebo=40   (8s)
US index ready: 224,613 markets
08:34:17  signals=17   placebo=40   (7s)
US index ready: 224,613 markets
08:36:30  signals=16   placebo=40   (9s)
US index ready: 224,613 markets
08:38:38  signals=15   placebo=40   (7s)
US index ready: 224,613 markets
08:40:49  signals=15   placebo=40   (10s)
US index ready: 224,613 markets
08:42:59  signals=15   placebo=40   (9s)
US index ready: 224,613 markets
08:45:08  signals=14   placebo=40   (8s)
US index ready: 224,613 markets
08:47:18  signals=15   placebo=40   (9s)
US index ready: 224,613 markets
08:49:30  signals=16   placebo=40   (11s)
US index ready: 224,613 markets
08:51:43  signals=16   placebo=40   (10s)
US index ready: 224,613 markets
08:53:51  signals=16   placebo=40   (7s)
US index ready: 224,613 markets
08:56:00  signals=16   placebo=40   (9s)
US index ready: 224,613 markets
08:58:14  signals=16   placebo=40   (12s)
US index ready: 224,613 markets
09:00:52  signals=16   placebo=40   (13s)
US index ready: 224,613 markets
09:03:26  signals=16   placebo=40   (19s)
US index ready: 224,613 markets
09:06:09  signals=16   placebo=40   (21s)
US index ready: 224,613 markets
09:08:35  signals=16   placebo=40   (17s)
US index ready: 224,613 markets
09:10:49  signals=16   placebo=40   (9s)
US index ready: 224,613 markets
09:13:02  signals=16   placebo=40   (9s)
US index ready: 224,613 markets
09:15:13  signals=16   placebo=40   (9s)
US index ready: 224,613 markets
09:17:22  signals=16   placebo=40   (7s)
US index ready: 224,613 markets
09:19:30  signals=16   placebo=40   (8s)
US index ready: 224,613 markets
09:21:39  signals=16   placebo=40   (8s)
US index ready: 224,613 markets
09:23:50  signals=16   placebo=40   (8s)
US index ready: 224,613 markets
09:26:07  signals=16   placebo=40   (10s)
US index ready: 224,613 markets
09:29:04  signals=16   placebo=40   (20s)
US index ready: 224,613 markets
09:31:32  signals=16   placebo=40   (13s)
US index ready: 224,613 markets
09:33:49  signals=16   placebo=40   (11s)
US index ready: 224,613 markets
09:36:01  signals=16   placebo=40   (9s)
US index ready: 224,613 markets
09:38:34  signals=16   placebo=40   (17s)
US index ready: 224,613 markets
09:40:55  signals=16   placebo=40   (11s)
US index ready: 224,613 markets
09:43:37  signals=16   placebo=40   (20s)
US index ready: 224,613 markets
09:46:11  signals=16   placebo=40   (12s)
US index ready: 224,613 markets
09:48:37  signals=16   placebo=40   (10s)
US index ready: 224,613 markets
09:51:18  signals=16   placebo=40   (17s)
US index ready: 224,613 markets
09:54:01  signals=16   placebo=40   (19s)
US index ready: 224,613 markets
09:56:22  signals=16   placebo=40   (14s)
US index ready: 224,613 markets
09:58:54  signals=16   placebo=40   (15s)
US index ready: 224,613 markets
10:01:43  signals=16   placebo=40   (18s)
US index ready: 224,613 markets
10:04:02  signals=16   placebo=40   (11s)
US index ready: 224,613 markets
10:06:35  signals=17   placebo=40   (15s)
US index ready: 224,613 markets
10:09:10  signals=17   placebo=40   (13s)
US index ready: 224,613 markets
10:11:34  signals=17   placebo=40   (13s)
US index ready: 224,613 markets
10:14:02  signals=17   placebo=40   (15s)
US index ready: 224,613 markets
10:16:49  signals=17   placebo=40   (18s)
US index ready: 224,613 markets
10:19:35  signals=17   placebo=40   (20s)
US index ready: 224,613 markets
10:22:34  signals=17   placebo=40   (24s)
US index ready: 224,613 markets
13:57:40  signals=17   placebo=40   (23s)
US index ready: 224,613 markets
14:00:00  signals=14   placebo=40   (8s)
US index ready: 224,613 markets
14:02:21  signals=14   placebo=40   (9s)
US index ready: 224,613 markets
14:04:35  signals=14   placebo=40   (10s)
US index ready: 224,613 markets
14:07:00  signals=14   placebo=40   (17s)
US index ready: 224,613 markets
14:10:06  signals=14   placebo=40   (30s)
US index ready: 224,613 markets
14:13:33  signals=14   placebo=40   (40s)
US index ready: 224,613 markets
14:17:03  signals=14   placebo=40   (36s)
US index ready: 224,613 markets
14:19:44  signals=14   placebo=40   (17s)
US index ready: 224,613 markets
14:22:09  signals=14   placebo=40   (14s)
US index ready: 224,613 markets
14:24:30  signals=18   placebo=40   (15s)
US index ready: 224,613 markets
14:26:58  signals=18   placebo=40   (17s)
US index ready: 224,613 markets
14:29:40  signals=18   placebo=40   (9s)
US index ready: 224,613 markets
14:32:21  signals=18   placebo=40   (14s)
US index ready: 224,613 markets
14:34:44  signals=19   placebo=40   (10s)
US index ready: 224,613 markets
14:37:14  signals=19   placebo=40   (17s)
US index ready: 224,613 markets
14:39:33  signals=19   placebo=40   (9s)
US index ready: 224,613 markets
14:41:45  signals=19   placebo=40   (8s)
US index ready: 224,613 markets
14:43:57  signals=19   placebo=40   (8s)
US index ready: 224,613 markets
14:46:05  signals=19   placebo=40   (7s)
US index ready: 224,613 markets
14:48:13  signals=19   placebo=40   (8s)
US index ready: 224,613 markets
14:50:21  signals=19   placebo=40   (7s)
US index ready: 224,613 markets
14:52:32  signals=16   placebo=40   (10s)
US index ready: 224,613 markets
14:54:40  signals=16   placebo=40   (8s)
US index ready: 224,613 markets
14:56:49  signals=16   placebo=40   (8s)
US index ready: 224,613 markets
14:58:58  signals=16   placebo=40   (7s)
US index ready: 224,613 markets
15:01:08  signals=16   placebo=40   (8s)
US index ready: 224,613 markets
15:03:34  signals=16   placebo=40   (10s)
US index ready: 224,613 markets
15:05:54  signals=16   placebo=40   (12s)
US index ready: 224,613 markets
15:08:07  signals=16   placebo=40   (10s)
US index ready: 224,613 markets
15:10:21  signals=17   placebo=40   (7s)
US index ready: 224,613 markets
15:12:42  signals=17   placebo=40   (11s)
US index ready: 224,613 markets
15:15:21  signals=16   placebo=40   (11s)
US index ready: 224,613 markets
15:17:30  signals=17   placebo=40   (9s)
US index ready: 224,613 markets
15:19:41  signals=17   placebo=40   (9s)
US index ready: 224,613 markets
15:21:50  signals=17   placebo=40   (8s)
US index ready: 224,613 markets
15:23:59  signals=17   placebo=40   (8s)
US index ready: 224,613 markets
15:26:09  signals=16   placebo=40   (8s)
US index ready: 224,613 markets
15:28:18  signals=16   placebo=40   (8s)
US index ready: 224,613 markets
15:30:27  signals=16   placebo=40   (8s)
US index ready: 224,613 markets
15:32:36  signals=16   placebo=40   (8s)
US index ready: 224,613 markets
15:34:46  signals=16   placebo=40   (10s)
US index ready: 224,613 markets
15:36:57  signals=15   placebo=40   (9s)
US index ready: 224,613 markets
15:39:11  signals=15   placebo=40   (13s)
US index ready: 224,613 markets
15:41:37  signals=15   placebo=40   (17s)
US index ready: 224,613 markets
15:43:58  signals=15   placebo=40   (14s)
US index ready: 224,613 markets
Traceback (most recent call last):
  File "/Users/tuepham/polymarket-bot/scripts/us_quote_capture.py", line 219, in <module>
    main()
  File "/Users/tuepham/polymarket-bot/scripts/us_quote_capture.py", line 203, in main
    con = psycopg2.connect(PG_DSN)
  File "/Users/tuepham/Library/Python/3.9/lib/python/site-packages/psycopg2/__init__.py", line 122, in connect
    conn = _connect(dsn, connection_factory=connection_factory, **kwasync)
psycopg2.OperationalError: connection to server at "127.0.0.1", port 5432 failed: Connection refused
	Is the server running on that host and accepting TCP/IP connections?

US index ready: 224,613 markets
Traceback (most recent call last):
  File "/Users/tuepham/polymarket-bot/scripts/us_quote_capture.py", line 219, in <module>
    main()
  File "/Users/tuepham/polymarket-bot/scripts/us_quote_capture.py", line 203, in main
    con = psycopg2.connect(PG_DSN)
  File "/Users/tuepham/Library/Python/3.9/lib/python/site-packages/psycopg2/__init__.py", line 122, in connect
    conn = _connect(dsn, connection_factory=connection_factory, **kwasync)
psycopg2.OperationalError: connection to server at "127.0.0.1", port 5432 failed: Connection refused
	Is the server running on that host and accepting TCP/IP connections?

US index ready: 224,613 markets
Traceback (most recent call last):
  File "/Users/tuepham/polymarket-bot/scripts/us_quote_capture.py", line 219, in <module>
    main()
  File "/Users/tuepham/polymarket-bot/scripts/us_quote_capture.py", line 203, in main
    con = psycopg2.connect(PG_DSN)
  File "/Users/tuepham/Library/Python/3.9/lib/python/site-packages/psycopg2/__init__.py", line 122, in connect
    conn = _connect(dsn, connection_factory=connection_factory, **kwasync)
psycopg2.OperationalError: connection to server at "127.0.0.1", port 5432 failed: Connection refused
	Is the server running on that host and accepting TCP/IP connections?

US index ready: 224,613 markets
Traceback (most recent call last):
  File "/Users/tuepham/polymarket-bot/scripts/us_quote_capture.py", line 219, in <module>
    main()
  File "/Users/tuepham/polymarket-bot/scripts/us_quote_capture.py", line 203, in main
    con = psycopg2.connect(PG_DSN)
  File "/Users/tuepham/Library/Python/3.9/lib/python/site-packages/psycopg2/__init__.py", line 122, in connect
    conn = _connect(dsn, connection_factory=connection_factory, **kwasync)
psycopg2.OperationalError: connection to server at "127.0.0.1", port 5432 failed: Connection refused
	Is the server running on that host and accepting TCP/IP connections?

US index ready: 224,613 markets
Traceback (most recent call last):
  File "/Users/tuepham/polymarket-bot/scripts/us_quote_capture.py", line 219, in <module>
    main()
  File "/Users/tuepham/polymarket-bot/scripts/us_quote_capture.py", line 203, in main
    con = psycopg2.connect(PG_DSN)
  File "/Users/tuepham/Library/Python/3.9/lib/python/site-packages/psycopg2/__init__.py", line 122, in connect
    conn = _connect(dsn, connection_factory=connection_factory, **kwasync)
psycopg2.OperationalError: connection to server at "127.0.0.1", port 5432 failed: Connection refused
	Is the server running on that host and accepting TCP/IP connections?

US index ready: 224,613 markets
Traceback (most recent call last):
  File "/Users/tuepham/polymarket-bot/scripts/us_quote_capture.py", line 219, in <module>
    main()
  File "/Users/tuepham/polymarket-bot/scripts/us_quote_capture.py", line 203, in main
    con = psycopg2.connect(PG_DSN)
  File "/Users/tuepham/Library/Python/3.9/lib/python/site-packages/psycopg2/__init__.py", line 122, in connect
    conn = _connect(dsn, connection_factory=connection_factory, **kwasync)
psycopg2.OperationalError: connection to server at "127.0.0.1", port 5432 failed: Connection refused
	Is the server running on that host and accepting TCP/IP connections?

US index ready: 224,613 markets
15:58:37  signals=15   placebo=40   (10s)
US index ready: 224,613 markets
16:01:34  signals=15   placebo=40   (16s)
US index ready: 224,613 markets
16:03:57  signals=15   placebo=40   (10s)
US index ready: 224,613 markets
16:06:13  signals=15   placebo=40   (8s)
US index ready: 224,613 markets
16:08:44  signals=15   placebo=40   (12s)
US index ready: 224,613 markets
16:11:15  signals=15   placebo=40   (11s)
US index ready: 224,613 markets
16:13:46  signals=15   placebo=40   (22s)
US index ready: 224,613 markets
16:16:00  signals=15   placebo=40   (10s)
US index ready: 224,613 markets
16:18:13  signals=15   placebo=40   (11s)
US index ready: 224,613 markets
16:20:22  signals=15   placebo=40   (6s)
US index ready: 224,613 markets
16:22:35  signals=15   placebo=40   (11s)
US index ready: 224,613 markets
16:24:46  signals=15   placebo=40   (9s)
US index ready: 224,613 markets
16:26:54  signals=15   placebo=40   (8s)
US index ready: 224,613 markets
16:29:02  signals=15   placebo=40   (7s)
US index ready: 224,613 markets
16:31:11  signals=15   placebo=40   (8s)
US index ready: 224,613 markets
16:33:21  signals=15   placebo=40   (9s)
US index ready: 224,613 markets
16:35:29  signals=15   placebo=40   (6s)
US index ready: 224,613 markets
16:37:41  signals=15   placebo=40   (11s)
US index ready: 224,613 markets
16:39:53  signals=15   placebo=40   (10s)
US index ready: 224,613 markets
16:42:02  signals=15   placebo=40   (9s)
US index ready: 224,613 markets
16:44:11  signals=15   placebo=40   (8s)
US index ready: 224,613 markets
16:46:20  signals=15   placebo=40   (7s)
US index ready: 224,613 markets
16:48:35  signals=15   placebo=40   (9s)
US index ready: 224,613 markets
16:50:52  signals=15   placebo=40   (8s)
US index ready: 224,613 markets
16:53:00  signals=15   placebo=40   (8s)
US index ready: 224,613 markets
16:55:27  signals=15   placebo=39   (24s)
US index ready: 224,613 markets
16:57:59  signals=15   placebo=40   (14s)
US index ready: 224,613 markets
17:00:13  signals=15   placebo=40   (10s)
US index ready: 224,613 markets
17:02:28  signals=15   placebo=40   (11s)
US index ready: 224,613 markets
17:04:44  signals=15   placebo=40   (10s)
US index ready: 224,613 markets
17:07:05  signals=15   placebo=40   (7s)
US index ready: 224,613 markets
17:09:18  signals=15   placebo=40   (11s)
US index ready: 224,613 markets
17:11:47  signals=15   placebo=40   (11s)
US index ready: 224,613 markets
17:14:04  signals=15   placebo=40   (9s)
US index ready: 224,613 markets
17:16:13  signals=16   placebo=40   (8s)
US index ready: 224,613 markets
17:18:22  signals=16   placebo=40   (8s)
US index ready: 224,613 markets
17:20:32  signals=16   placebo=40   (7s)
US index ready: 224,613 markets
17:22:49  signals=16   placebo=40   (11s)
US index ready: 224,613 markets
17:25:10  signals=16   placebo=40   (10s)
US index ready: 224,613 markets
17:27:52  signals=16   placebo=40   (11s)
US index ready: 224,613 markets
17:30:12  signals=16   placebo=40   (10s)
US index ready: 224,613 markets
17:32:24  signals=16   placebo=40   (9s)
US index ready: 224,613 markets
17:34:39  signals=16   placebo=40   (9s)
US index ready: 224,613 markets
17:36:58  signals=17   placebo=40   (13s)
US index ready: 224,613 markets
17:39:14  signals=17   placebo=40   (9s)
US index ready: 224,613 markets
17:41:30  signals=17   placebo=40   (8s)
US index ready: 224,613 markets
17:43:42  signals=17   placebo=40   (9s)
US index ready: 224,613 markets
17:45:58  signals=17   placebo=40   (8s)
US index ready: 224,613 markets
17:48:24  signals=17   placebo=40   (12s)
US index ready: 224,613 markets
17:50:37  signals=17   placebo=40   (9s)
US index ready: 224,613 markets
17:52:46  signals=17   placebo=40   (8s)
US index ready: 224,613 markets
17:55:00  signals=17   placebo=40   (8s)
US index ready: 224,613 markets
17:57:14  signals=17   placebo=40   (8s)
US index ready: 224,613 markets
17:59:35  signals=17   placebo=40   (10s)
US index ready: 224,613 markets
18:01:52  signals=17   placebo=40   (10s)
US index ready: 224,613 markets
18:04:11  signals=17   placebo=40   (10s)
US index ready: 224,613 markets
18:06:32  signals=17   placebo=40   (9s)
US index ready: 224,613 markets
18:08:42  signals=17   placebo=40   (8s)
US index ready: 224,613 markets
18:10:50  signals=17   placebo=40   (8s)
US index ready: 224,613 markets
18:13:00  signals=17   placebo=40   (9s)
US index ready: 224,613 markets
18:15:09  signals=17   placebo=40   (8s)
US index ready: 224,613 markets
18:17:20  signals=17   placebo=40   (10s)
US index ready: 224,613 markets
18:19:29  signals=17   placebo=40   (8s)
US index ready: 224,613 markets
18:21:36  signals=17   placebo=40   (7s)
US index ready: 224,613 markets
18:23:45  signals=17   placebo=40   (8s)
US index ready: 224,613 markets
18:25:55  signals=17   placebo=40   (9s)
US index ready: 224,613 markets
18:28:04  signals=17   placebo=40   (8s)
US index ready: 224,613 markets
18:30:13  signals=17   placebo=40   (8s)
US index ready: 224,613 markets
18:32:22  signals=17   placebo=40   (8s)
US index ready: 224,613 markets
18:34:31  signals=17   placebo=40   (8s)
US index ready: 224,613 markets
18:36:38  signals=17   placebo=40   (7s)
US index ready: 224,613 markets
18:38:48  signals=17   placebo=40   (8s)
US index ready: 224,613 markets
18:40:56  signals=17   placebo=40   (8s)
US index ready: 224,613 markets
18:43:06  signals=17   placebo=40   (9s)
US index ready: 224,613 markets
18:45:15  signals=17   placebo=40   (8s)
US index ready: 224,613 markets
18:47:25  signals=17   placebo=40   (9s)
US index ready: 224,613 markets
18:49:34  signals=17   placebo=40   (8s)
US index ready: 224,613 markets
18:51:44  signals=17   placebo=40   (9s)
US index ready: 224,613 markets
18:53:53  signals=17   placebo=40   (8s)
US index ready: 224,613 markets
18:56:01  signals=17   placebo=40   (8s)
US index ready: 224,613 markets
18:58:11  signals=17   placebo=40   (9s)
US index ready: 224,613 markets
19:00:24  signals=17   placebo=40   (7s)
US index ready: 224,613 markets
19:02:33  signals=17   placebo=40   (8s)
US index ready: 224,613 markets
19:04:42  signals=19   placebo=40   (8s)
US index ready: 224,613 markets
19:06:57  signals=19   placebo=40   (14s)
US index ready: 224,613 markets
19:09:09  signals=20   placebo=40   (11s)
US index ready: 224,613 markets
19:11:17  signals=20   placebo=40   (7s)
US index ready: 224,613 markets
19:13:27  signals=20   placebo=40   (9s)
US index ready: 224,613 markets
19:15:34  signals=20   placebo=40   (7s)
US index ready: 224,613 markets
19:17:44  signals=23   placebo=40   (9s)
US index ready: 224,613 markets
19:19:58  signals=23   placebo=40   (13s)
US index ready: 224,613 markets
19:22:26  signals=23   placebo=40   (14s)
US index ready: 224,613 markets
19:24:35  signals=23   placebo=40   (8s)
US index ready: 224,613 markets
19:26:44  signals=24   placebo=40   (8s)
US index ready: 224,613 markets
19:28:53  signals=24   placebo=40   (8s)
US index ready: 224,613 markets
19:31:04  signals=24   placebo=40   (9s)
US index ready: 224,613 markets
19:33:14  signals=26   placebo=40   (9s)
US index ready: 224,613 markets
19:35:22  signals=26   placebo=40   (7s)
US index ready: 224,613 markets
19:37:32  signals=26   placebo=40   (9s)
US index ready: 224,613 markets
19:39:42  signals=26   placebo=40   (9s)
US index ready: 224,613 markets
19:41:51  signals=26   placebo=40   (8s)
US index ready: 224,613 markets
19:44:02  signals=26   placebo=40   (9s)
US index ready: 224,613 markets
19:46:12  signals=27   placebo=40   (10s)
US index ready: 224,613 markets
19:48:22  signals=26   placebo=40   (9s)
US index ready: 224,613 markets
19:50:30  signals=25   placebo=40   (7s)
US index ready: 224,613 markets
19:52:43  signals=25   placebo=40   (11s)
US index ready: 224,613 markets
19:54:55  signals=25   placebo=40   (12s)
US index ready: 224,613 markets
19:57:05  signals=26   placebo=40   (9s)
US index ready: 224,613 markets
19:59:16  signals=29   placebo=40   (9s)
US index ready: 224,613 markets
20:01:29  signals=29   placebo=40   (9s)
US index ready: 224,613 markets
20:03:39  signals=29   placebo=40   (10s)
US index ready: 224,613 markets
20:05:48  signals=29   placebo=40   (8s)
US index ready: 224,613 markets
20:08:01  signals=29   placebo=40   (12s)
US index ready: 224,613 markets
20:35:55  signals=29   placebo=40   (9s)
US index ready: 224,613 markets
20:38:07  signals=29   placebo=40   (11s)
US index ready: 224,613 markets
20:40:16  signals=29   placebo=40   (8s)
US index ready: 224,613 markets
20:42:26  signals=29   placebo=40   (9s)
US index ready: 224,613 markets
20:44:36  signals=29   placebo=40   (9s)
US index ready: 224,613 markets
20:46:46  signals=29   placebo=40   (9s)
US index ready: 224,613 markets
20:48:56  signals=26   placebo=40   (8s)
US index ready: 224,613 markets
20:51:12  signals=26   placebo=40   (11s)
US index ready: 224,613 markets
20:53:28  signals=26   placebo=40   (10s)
US index ready: 224,613 markets
20:55:46  signals=26   placebo=40   (9s)
US index ready: 224,613 markets
20:58:02  signals=26   placebo=40   (12s)
US index ready: 224,613 markets
21:00:18  signals=26   placebo=40   (9s)
US index ready: 224,613 markets
21:02:42  signals=26   placebo=40   (12s)
US index ready: 224,613 markets
21:05:00  signals=26   placebo=40   (11s)
US index ready: 224,613 markets
21:07:59  signals=26   placebo=40   (23s)
US index ready: 224,613 markets
21:10:16  signals=26   placebo=40   (8s)
US index ready: 224,613 markets
21:12:31  signals=26   placebo=40   (10s)
US index ready: 224,613 markets
21:14:43  signals=26   placebo=40   (11s)
US index ready: 224,613 markets
21:17:00  signals=26   placebo=40   (10s)
US index ready: 224,613 markets
21:19:16  signals=26   placebo=40   (10s)
US index ready: 224,613 markets
21:21:31  signals=26   placebo=40   (10s)
US index ready: 224,613 markets
21:23:41  signals=26   placebo=40   (9s)
US index ready: 224,613 markets
21:26:08  signals=26   placebo=40   (13s)
US index ready: 224,613 markets
21:28:39  signals=26   placebo=40   (14s)
US index ready: 224,613 markets
21:30:55  signals=20   placebo=40   (10s)
US index ready: 224,613 markets
21:33:09  signals=20   placebo=40   (9s)
US index ready: 224,613 markets
21:35:21  signals=20   placebo=40   (7s)
US index ready: 224,613 markets
21:37:32  signals=20   placebo=40   (9s)
US index ready: 224,613 markets
21:39:48  signals=19   placebo=40   (11s)
US index ready: 224,613 markets
21:41:59  signals=19   placebo=40   (9s)
US index ready: 224,613 markets
21:44:15  signals=19   placebo=40   (10s)
US index ready: 224,613 markets
21:46:28  signals=19   placebo=40   (10s)
US index ready: 224,613 markets
21:48:41  signals=16   placebo=40   (8s)
US index ready: 224,613 markets
21:50:51  signals=16   placebo=40   (8s)
US index ready: 224,613 markets
21:53:03  signals=16   placebo=40   (10s)
US index ready: 224,613 markets
21:55:16  signals=16   placebo=40   (8s)
US index ready: 224,613 markets
21:57:29  signals=16   placebo=40   (10s)
US index ready: 224,613 markets
21:59:40  signals=16   placebo=40   (8s)
US index ready: 224,613 markets
22:01:51  signals=16   placebo=40   (9s)
US index ready: 224,613 markets
22:04:01  signals=16   placebo=40   (9s)
US index ready: 224,613 markets
22:06:10  signals=16   placebo=40   (8s)
/Applications/Xcode.app/Contents/Developer/usr/bin/python3: can't open file '/Users/tuepham/polymarket-bot/scripts/us_quote_capture.py': [Errno 2] No such file or directory
/Applications/Xcode.app/Contents/Developer/usr/bin/python3: can't open file '/Users/tuepham/polymarket-bot/scripts/us_quote_capture.py': [Errno 2] No such file or directory
/Applications/Xcode.app/Contents/Developer/usr/bin/python3: can't open file '/Users/tuepham/polymarket-bot/scripts/us_quote_capture.py': [Errno 2] No such file or directory
/Applications/Xcode.app/Contents/Developer/usr/bin/python3: can't open file '/Users/tuepham/polymarket-bot/scripts/us_quote_capture.py': [Errno 2] No such file or directory
/Applications/Xcode.app/Contents/Developer/usr/bin/python3: can't open file '/Users/tuepham/polymarket-bot/scripts/us_quote_capture.py': [Errno 2] No such file or directory
/Applications/Xcode.app/Contents/Developer/usr/bin/python3: can't open file '/Users/tuepham/polymarket-bot/scripts/us_quote_capture.py': [Errno 2] No such file or directory
/Applications/Xcode.app/Contents/Developer/usr/bin/python3: can't open file '/Users/tuepham/polymarket-bot/scripts/us_quote_capture.py': [Errno 2] No such file or directory
/Applications/Xcode.app/Contents/Developer/usr/bin/python3: can't open file '/Users/tuepham/polymarket-bot/scripts/us_quote_capture.py': [Errno 2] No such file or directory
/Applications/Xcode.app/Contents/Developer/usr/bin/python3: can't open file '/Users/tuepham/polymarket-bot/scripts/us_quote_capture.py': [Errno 2] No such file or directory
/Applications/Xcode.app/Contents/Developer/usr/bin/python3: can't open file '/Users/tuepham/polymarket-bot/scripts/us_quote_capture.py': [Errno 2] No such file or directory
/Applications/Xcode.app/Contents/Developer/usr/bin/python3: can't open file '/Users/tuepham/polymarket-bot/scripts/us_quote_capture.py': [Errno 2] No such file or directory
/Applications/Xcode.app/Contents/Developer/usr/bin/python3: can't open file '/Users/tuepham/polymarket-bot/scripts/us_quote_capture.py': [Errno 2] No such file or directory
/Applications/Xcode.app/Contents/Developer/usr/bin/python3: can't open file '/Users/tuepham/polymarket-bot/scripts/us_quote_capture.py': [Errno 2] No such file or directory
/Applications/Xcode.app/Contents/Developer/usr/bin/python3: can't open file '/Users/tuepham/polymarket-bot/scripts/us_quote_capture.py': [Errno 2] No such file or directory
/Applications/Xcode.app/Contents/Developer/usr/bin/python3: can't open file '/Users/tuepham/polymarket-bot/scripts/us_quote_capture.py': [Errno 2] No such file or directory
/Applications/Xcode.app/Contents/Developer/usr/bin/python3: can't open file '/Users/tuepham/polymarket-bot/scripts/us_quote_capture.py': [Errno 2] No such file or directory
/Applications/Xcode.app/Contents/Developer/usr/bin/python3: can't open file '/Users/tuepham/polymarket-bot/scripts/us_quote_capture.py': [Errno 2] No such file or directory
/Applications/Xcode.app/Contents/Developer/usr/bin/python3: can't open file '/Users/tuepham/polymarket-bot/scripts/us_quote_capture.py': [Errno 2] No such file or directory
/Applications/Xcode.app/Contents/Developer/usr/bin/python3: can't open file '/Users/tuepham/polymarket-bot/scripts/us_quote_capture.py': [Errno 2] No such file or directory
/Applications/Xcode.app/Contents/Developer/usr/bin/python3: can't open file '/Users/tuepham/polymarket-bot/scripts/us_quote_capture.py': [Errno 2] No such file or directory
/Applications/Xcode.app/Contents/Developer/usr/bin/python3: can't open file '/Users/tuepham/polymarket-bot/scripts/us_quote_capture.py': [Errno 2] No such file or directory
/Applications/Xcode.app/Contents/Developer/usr/bin/python3: can't open file '/Users/tuepham/polymarket-bot/scripts/us_quote_capture.py': [Errno 2] No such file or directory
/Applications/Xcode.app/Contents/Developer/usr/bin/python3: can't open file '/Users/tuepham/polymarket-bot/scripts/us_quote_capture.py': [Errno 2] No such file or directory
/Applications/Xcode.app/Contents/Developer/usr/bin/python3: can't open file '/Users/tuepham/polymarket-bot/scripts/us_quote_capture.py': [Errno 2] No such file or directory
/Applications/Xcode.app/Contents/Developer/usr/bin/python3: can't open file '/Users/tuepham/polymarket-bot/scripts/us_quote_capture.py': [Errno 2] No such file or directory
/Applications/Xcode.app/Contents/Developer/usr/bin/python3: can't open file '/Users/tuepham/polymarket-bot/scripts/us_quote_capture.py': [Errno 2] No such file or directory
/Applications/Xcode.app/Contents/Developer/usr/bin/python3: can't open file '/Users/tuepham/polymarket-bot/scripts/us_quote_capture.py': [Errno 2] No such file or directory
/Applications/Xcode.app/Contents/Developer/usr/bin/python3: can't open file '/Users/tuepham/polymarket-bot/scripts/us_quote_capture.py': [Errno 2] No such file or directory
/Applications/Xcode.app/Contents/Developer/usr/bin/python3: can't open file '/Users/tuepham/polymarket-bot/scripts/us_quote_capture.py': [Errno 2] No such file or directory
/Applications/Xcode.app/Contents/Developer/usr/bin/python3: can't open file '/Users/tuepham/polymarket-bot/scripts/us_quote_capture.py': [Errno 2] No such file or directory
/Applications/Xcode.app/Contents/Developer/usr/bin/python3: can't open file '/Users/tuepham/polymarket-bot/scripts/us_quote_capture.py': [Errno 2] No such file or directory
/Applications/Xcode.app/Contents/Developer/usr/bin/python3: can't open file '/Users/tuepham/polymarket-bot/scripts/us_quote_capture.py': [Errno 2] No such file or directory
/Applications/Xcode.app/Contents/Developer/usr/bin/python3: can't open file '/Users/tuepham/polymarket-bot/scripts/us_quote_capture.py': [Errno 2] No such file or directory
/Applications/Xcode.app/Contents/Developer/usr/bin/python3: can't open file '/Users/tuepham/polymarket-bot/scripts/us_quote_capture.py': [Errno 2] No such file or directory
/Applications/Xcode.app/Contents/Developer/usr/bin/python3: can't open file '/Users/tuepham/polymarket-bot/scripts/us_quote_capture.py': [Errno 2] No such file or directory
/Applications/Xcode.app/Contents/Developer/usr/bin/python3: can't open file '/Users/tuepham/polymarket-bot/scripts/us_quote_capture.py': [Errno 2] No such file or directory
/Applications/Xcode.app/Contents/Developer/usr/bin/python3: can't open file '/Users/tuepham/polymarket-bot/scripts/us_quote_capture.py': [Errno 2] No such file or directory
/Applications/Xcode.app/Contents/Developer/usr/bin/python3: can't open file '/Users/tuepham/polymarket-bot/scripts/us_quote_capture.py': [Errno 2] No such file or directory
/Applications/Xcode.app/Contents/Developer/usr/bin/python3: can't open file '/Users/tuepham/polymarket-bot/scripts/us_quote_capture.py': [Errno 2] No such file or directory
/Applications/Xcode.app/Contents/Developer/usr/bin/python3: can't open file '/Users/tuepham/polymarket-bot/scripts/us_quote_capture.py': [Errno 2] No such file or directory
/Applications/Xcode.app/Contents/Developer/usr/bin/python3: can't open file '/Users/tuepham/polymarket-bot/scripts/us_quote_capture.py': [Errno 2] No such file or directory
/Applications/Xcode.app/Contents/Developer/usr/bin/python3: can't open file '/Users/tuepham/polymarket-bot/scripts/us_quote_capture.py': [Errno 2] No such file or directory
/Applications/Xcode.app/Contents/Developer/usr/bin/python3: can't open file '/Users/tuepham/polymarket-bot/scripts/us_quote_capture.py': [Errno 2] No such file or directory
/Applications/Xcode.app/Contents/Developer/usr/bin/python3: can't open file '/Users/tuepham/polymarket-bot/scripts/us_quote_capture.py': [Errno 2] No such file or directory
/Applications/Xcode.app/Contents/Developer/usr/bin/python3: can't open file '/Users/tuepham/polymarket-bot/scripts/us_quote_capture.py': [Errno 2] No such file or directory
/Applications/Xcode.app/Contents/Developer/usr/bin/python3: can't open file '/Users/tuepham/polymarket-bot/scripts/us_quote_capture.py': [Errno 2] No such file or directory
/Applications/Xcode.app/Contents/Developer/usr/bin/python3: can't open file '/Users/tuepham/polymarket-bot/scripts/us_quote_capture.py': [Errno 2] No such file or directory
/Applications/Xcode.app/Contents/Developer/usr/bin/python3: can't open file '/Users/tuepham/polymarket-bot/scripts/us_quote_capture.py': [Errno 2] No such file or directory
/Applications/Xcode.app/Contents/Developer/usr/bin/python3: can't open file '/Users/tuepham/polymarket-bot/scripts/us_quote_capture.py': [Errno 2] No such file or directory
/Applications/Xcode.app/Contents/Developer/usr/bin/python3: can't open file '/Users/tuepham/polymarket-bot/scripts/us_quote_capture.py': [Errno 2] No such file or directory
/Applications/Xcode.app/Contents/Developer/usr/bin/python3: can't open file '/Users/tuepham/polymarket-bot/scripts/us_quote_capture.py': [Errno 2] No such file or directory
/Applications/Xcode.app/Contents/Developer/usr/bin/python3: can't open file '/Users/tuepham/polymarket-bot/scripts/us_quote_capture.py': [Errno 2] No such file or directory
/Applications/Xcode.app/Contents/Developer/usr/bin/python3: can't open file '/Users/tuepham/polymarket-bot/scripts/us_quote_capture.py': [Errno 2] No such file or directory
/Applications/Xcode.app/Contents/Developer/usr/bin/python3: can't open file '/Users/tuepham/polymarket-bot/scripts/us_quote_capture.py': [Errno 2] No such file or directory
/Applications/Xcode.app/Contents/Developer/usr/bin/python3: can't open file '/Users/tuepham/polymarket-bot/scripts/us_quote_capture.py': [Errno 2] No such file or directory
/Applications/Xcode.app/Contents/Developer/usr/bin/python3: can't open file '/Users/tuepham/polymarket-bot/scripts/us_quote_capture.py': [Errno 2] No such file or directory
/Applications/Xcode.app/Contents/Developer/usr/bin/python3: can't open file '/Users/tuepham/polymarket-bot/scripts/us_quote_capture.py': [Errno 2] No such file or directory
/Applications/Xcode.app/Contents/Developer/usr/bin/python3: can't open file '/Users/tuepham/polymarket-bot/scripts/us_quote_capture.py': [Errno 2] No such file or directory
/Applications/Xcode.app/Contents/Developer/usr/bin/python3: can't open file '/Users/tuepham/polymarket-bot/scripts/us_quote_capture.py': [Errno 2] No such file or directory
/Applications/Xcode.app/Contents/Developer/usr/bin/python3: can't open file '/Users/tuepham/polymarket-bot/scripts/us_quote_capture.py': [Errno 2] No such file or directory
/Applications/Xcode.app/Contents/Developer/usr/bin/python3: can't open file '/Users/tuepham/polymarket-bot/scripts/us_quote_capture.py': [Errno 2] No such file or directory
/Applications/Xcode.app/Contents/Developer/usr/bin/python3: can't open file '/Users/tuepham/polymarket-bot/scripts/us_quote_capture.py': [Errno 2] No such file or directory
/Applications/Xcode.app/Contents/Developer/usr/bin/python3: can't open file '/Users/tuepham/polymarket-bot/scripts/us_quote_capture.py': [Errno 2] No such file or directory
/Applications/Xcode.app/Contents/Developer/usr/bin/python3: can't open file '/Users/tuepham/polymarket-bot/scripts/us_quote_capture.py': [Errno 2] No such file or directory
/Applications/Xcode.app/Contents/Developer/usr/bin/python3: can't open file '/Users/tuepham/polymarket-bot/scripts/us_quote_capture.py': [Errno 2] No such file or directory
/Applications/Xcode.app/Contents/Developer/usr/bin/python3: can't open file '/Users/tuepham/polymarket-bot/scripts/us_quote_capture.py': [Errno 2] No such file or directory
/Applications/Xcode.app/Contents/Developer/usr/bin/python3: can't open file '/Users/tuepham/polymarket-bot/scripts/us_quote_capture.py': [Errno 2] No such file or directory
/Applications/Xcode.app/Contents/Developer/usr/bin/python3: can't open file '/Users/tuepham/polymarket-bot/scripts/us_quote_capture.py': [Errno 2] No such file or directory
/Applications/Xcode.app/Contents/Developer/usr/bin/python3: can't open file '/Users/tuepham/polymarket-bot/scripts/us_quote_capture.py': [Errno 2] No such file or directory
/Applications/Xcode.app/Contents/Developer/usr/bin/python3: can't open file '/Users/tuepham/polymarket-bot/scripts/us_quote_capture.py': [Errno 2] No such file or directory
/Applications/Xcode.app/Contents/Developer/usr/bin/python3: can't open file '/Users/tuepham/polymarket-bot/scripts/us_quote_capture.py': [Errno 2] No such file or directory
/Applications/Xcode.app/Contents/Developer/usr/bin/python3: can't open file '/Users/tuepham/polymarket-bot/scripts/us_quote_capture.py': [Errno 2] No such file or directory
/Applications/Xcode.app/Contents/Developer/usr/bin/python3: can't open file '/Users/tuepham/polymarket-bot/scripts/us_quote_capture.py': [Errno 2] No such file or directory
/Applications/Xcode.app/Contents/Developer/usr/bin/python3: can't open file '/Users/tuepham/polymarket-bot/scripts/us_quote_capture.py': [Errno 2] No such file or directory
/Applications/Xcode.app/Contents/Developer/usr/bin/python3: can't open file '/Users/tuepham/polymarket-bot/scripts/us_quote_capture.py': [Errno 2] No such file or directory
/Applications/Xcode.app/Contents/Developer/usr/bin/python3: can't open file '/Users/tuepham/polymarket-bot/scripts/us_quote_capture.py': [Errno 2] No such file or directory
/Applications/Xcode.app/Contents/Developer/usr/bin/python3: can't open file '/Users/tuepham/polymarket-bot/scripts/us_quote_capture.py': [Errno 2] No such file or directory
/Applications/Xcode.app/Contents/Developer/usr/bin/python3: can't open file '/Users/tuepham/polymarket-bot/scripts/us_quote_capture.py': [Errno 2] No such file or directory
/Applications/Xcode.app/Contents/Developer/usr/bin/python3: can't open file '/Users/tuepham/polymarket-bot/scripts/us_quote_capture.py': [Errno 2] No such file or directory
/Applications/Xcode.app/Contents/Developer/usr/bin/python3: can't open file '/Users/tuepham/polymarket-bot/scripts/us_quote_capture.py': [Errno 2] No such file or directory
/Applications/Xcode.app/Contents/Developer/usr/bin/python3: can't open file '/Users/tuepham/polymarket-bot/scripts/us_quote_capture.py': [Errno 2] No such file or directory
/Applications/Xcode.app/Contents/Developer/usr/bin/python3: can't open file '/Users/tuepham/polymarket-bot/scripts/us_quote_capture.py': [Errno 2] No such file or directory
/Applications/Xcode.app/Contents/Developer/usr/bin/python3: can't open file '/Users/tuepham/polymarket-bot/scripts/us_quote_capture.py': [Errno 2] No such file or directory
/Applications/Xcode.app/Contents/Developer/usr/bin/python3: can't open file '/Users/tuepham/polymarket-bot/scripts/us_quote_capture.py': [Errno 2] No such file or directory
/Applications/Xcode.app/Contents/Developer/usr/bin/python3: can't open file '/Users/tuepham/polymarket-bot/scripts/us_quote_capture.py': [Errno 2] No such file or directory
/Applications/Xcode.app/Contents/Developer/usr/bin/python3: can't open file '/Users/tuepham/polymarket-bot/scripts/us_quote_capture.py': [Errno 2] No such file or directory
/Applications/Xcode.app/Contents/Developer/usr/bin/python3: can't open file '/Users/tuepham/polymarket-bot/scripts/us_quote_capture.py': [Errno 2] No such file or directory
/Applications/Xcode.app/Contents/Developer/usr/bin/python3: can't open file '/Users/tuepham/polymarket-bot/scripts/us_quote_capture.py': [Errno 2] No such file or directory
/Applications/Xcode.app/Contents/Developer/usr/bin/python3: can't open file '/Users/tuepham/polymarket-bot/scripts/us_quote_capture.py': [Errno 2] No such file or directory
/Applications/Xcode.app/Contents/Developer/usr/bin/python3: can't open file '/Users/tuepham/polymarket-bot/scripts/us_quote_capture.py': [Errno 2] No such file or directory
/Applications/Xcode.app/Contents/Developer/usr/bin/python3: can't open file '/Users/tuepham/polymarket-bot/scripts/us_quote_capture.py': [Errno 2] No such file or directory
/Applications/Xcode.app/Contents/Developer/usr/bin/python3: can't open file '/Users/tuepham/polymarket-bot/scripts/us_quote_capture.py': [Errno 2] No such file or directory
/Applications/Xcode.app/Contents/Developer/usr/bin/python3: can't open file '/Users/tuepham/polymarket-bot/scripts/us_quote_capture.py': [Errno 2] No such file or directory
/Applications/Xcode.app/Contents/Developer/usr/bin/python3: can't open file '/Users/tuepham/polymarket-bot/scripts/us_quote_capture.py': [Errno 2] No such file or directory
/Applications/Xcode.app/Contents/Developer/usr/bin/python3: can't open file '/Users/tuepham/polymarket-bot/scripts/us_quote_capture.py': [Errno 2] No such file or directory
/Applications/Xcode.app/Contents/Developer/usr/bin/python3: can't open file '/Users/tuepham/polymarket-bot/scripts/us_quote_capture.py': [Errno 2] No such file or directory
/Applications/Xcode.app/Contents/Developer/usr/bin/python3: can't open file '/Users/tuepham/polymarket-bot/scripts/us_quote_capture.py': [Errno 2] No such file or directory
/Applications/Xcode.app/Contents/Developer/usr/bin/python3: can't open file '/Users/tuepham/polymarket-bot/scripts/us_quote_capture.py': [Errno 2] No such file or directory
/Applications/Xcode.app/Contents/Developer/usr/bin/python3: can't open file '/Users/tuepham/polymarket-bot/scripts/us_quote_capture.py': [Errno 2] No such file or directory
/Applications/Xcode.app/Contents/Developer/usr/bin/python3: can't open file '/Users/tuepham/polymarket-bot/scripts/us_quote_capture.py': [Errno 2] No such file or directory
/Applications/Xcode.app/Contents/Developer/usr/bin/python3: can't open file '/Users/tuepham/polymarket-bot/scripts/us_quote_capture.py': [Errno 2] No such file or directory
/Applications/Xcode.app/Contents/Developer/usr/bin/python3: can't open file '/Users/tuepham/polymarket-bot/scripts/us_quote_capture.py': [Errno 2] No such file or directory
/Applications/Xcode.app/Contents/Developer/usr/bin/python3: can't open file '/Users/tuepham/polymarket-bot/scripts/us_quote_capture.py': [Errno 2] No such file or directory
/Applications/Xcode.app/Contents/Developer/usr/bin/python3: can't open file '/Users/tuepham/polymarket-bot/scripts/us_quote_capture.py': [Errno 2] No such file or directory
/Applications/Xcode.app/Contents/Developer/usr/bin/python3: can't open file '/Users/tuepham/polymarket-bot/scripts/us_quote_capture.py': [Errno 2] No such file or directory
/Applications/Xcode.app/Contents/Developer/usr/bin/python3: can't open file '/Users/tuepham/polymarket-bot/scripts/us_quote_capture.py': [Errno 2] No such file or directory
/Applications/Xcode.app/Contents/Developer/usr/bin/python3: can't open file '/Users/tuepham/polymarket-bot/scripts/us_quote_capture.py': [Errno 2] No such file or directory
/Applications/Xcode.app/Contents/Developer/usr/bin/python3: can't open file '/Users/tuepham/polymarket-bot/scripts/us_quote_capture.py': [Errno 2] No such file or directory
/Applications/Xcode.app/Contents/Developer/usr/bin/python3: can't open file '/Users/tuepham/polymarket-bot/scripts/us_quote_capture.py': [Errno 2] No such file or directory
/Applications/Xcode.app/Contents/Developer/usr/bin/python3: can't open file '/Users/tuepham/polymarket-bot/scripts/us_quote_capture.py': [Errno 2] No such file or directory
/Applications/Xcode.app/Contents/Developer/usr/bin/python3: can't open file '/Users/tuepham/polymarket-bot/scripts/us_quote_capture.py': [Errno 2] No such file or directory
/Applications/Xcode.app/Contents/Developer/usr/bin/python3: can't open file '/Users/tuepham/polymarket-bot/scripts/us_quote_capture.py': [Errno 2] No such file or directory
/Applications/Xcode.app/Contents/Developer/usr/bin/python3: can't open file '/Users/tuepham/polymarket-bot/scripts/us_quote_capture.py': [Errno 2] No such file or directory
/Applications/Xcode.app/Contents/Developer/usr/bin/python3: can't open file '/Users/tuepham/polymarket-bot/scripts/us_quote_capture.py': [Errno 2] No such file or directory
/Applications/Xcode.app/Contents/Developer/usr/bin/python3: can't open file '/Users/tuepham/polymarket-bot/scripts/us_quote_capture.py': [Errno 2] No such file or directory
/Applications/Xcode.app/Contents/Developer/usr/bin/python3: can't open file '/Users/tuepham/polymarket-bot/scripts/us_quote_capture.py': [Errno 2] No such file or directory
/Applications/Xcode.app/Contents/Developer/usr/bin/python3: can't open file '/Users/tuepham/polymarket-bot/scripts/us_quote_capture.py': [Errno 2] No such file or directory
/Applications/Xcode.app/Contents/Developer/usr/bin/python3: can't open file '/Users/tuepham/polymarket-bot/scripts/us_quote_capture.py': [Errno 2] No such file or directory
/Applications/Xcode.app/Contents/Developer/usr/bin/python3: can't open file '/Users/tuepham/polymarket-bot/scripts/us_quote_capture.py': [Errno 2] No such file or directory
/Applications/Xcode.app/Contents/Developer/usr/bin/python3: can't open file '/Users/tuepham/polymarket-bot/scripts/us_quote_capture.py': [Errno 2] No such file or directory
/Applications/Xcode.app/Contents/Developer/usr/bin/python3: can't open file '/Users/tuepham/polymarket-bot/scripts/us_quote_capture.py': [Errno 2] No such file or directory
/Applications/Xcode.app/Contents/Developer/usr/bin/python3: can't open file '/Users/tuepham/polymarket-bot/scripts/us_quote_capture.py': [Errno 2] No such file or directory
/Applications/Xcode.app/Contents/Developer/usr/bin/python3: can't open file '/Users/tuepham/polymarket-bot/scripts/us_quote_capture.py': [Errno 2] No such file or directory
/Applications/Xcode.app/Contents/Developer/usr/bin/python3: can't open file '/Users/tuepham/polymarket-bot/scripts/us_quote_capture.py': [Errno 2] No such file or directory
/Applications/Xcode.app/Contents/Developer/usr/bin/python3: can't open file '/Users/tuepham/polymarket-bot/scripts/us_quote_capture.py': [Errno 2] No such file or directory
/Applications/Xcode.app/Contents/Developer/usr/bin/python3: can't open file '/Users/tuepham/polymarket-bot/scripts/us_quote_capture.py': [Errno 2] No such file or directory
/Applications/Xcode.app/Contents/Developer/usr/bin/python3: can't open file '/Users/tuepham/polymarket-bot/scripts/us_quote_capture.py': [Errno 2] No such file or directory
/Applications/Xcode.app/Contents/Developer/usr/bin/python3: can't open file '/Users/tuepham/polymarket-bot/scripts/us_quote_capture.py': [Errno 2] No such file or directory
/Applications/Xcode.app/Contents/Developer/usr/bin/python3: can't open file '/Users/tuepham/polymarket-bot/scripts/us_quote_capture.py': [Errno 2] No such file or directory
/Applications/Xcode.app/Contents/Developer/usr/bin/python3: can't open file '/Users/tuepham/polymarket-bot/scripts/us_quote_capture.py': [Errno 2] No such file or directory
/Applications/Xcode.app/Contents/Developer/usr/bin/python3: can't open file '/Users/tuepham/polymarket-bot/scripts/us_quote_capture.py': [Errno 2] No such file or directory
/Applications/Xcode.app/Contents/Developer/usr/bin/python3: can't open file '/Users/tuepham/polymarket-bot/scripts/us_quote_capture.py': [Errno 2] No such file or directory
/Applications/Xcode.app/Contents/Developer/usr/bin/python3: can't open file '/Users/tuepham/polymarket-bot/scripts/us_quote_capture.py': [Errno 2] No such file or directory
/Applications/Xcode.app/Contents/Developer/usr/bin/python3: can't open file '/Users/tuepham/polymarket-bot/scripts/us_quote_capture.py': [Errno 2] No such file or directory
/Applications/Xcode.app/Contents/Developer/usr/bin/python3: can't open file '/Users/tuepham/polymarket-bot/scripts/us_quote_capture.py': [Errno 2] No such file or directory
/Applications/Xcode.app/Contents/Developer/usr/bin/python3: can't open file '/Users/tuepham/polymarket-bot/scripts/us_quote_capture.py': [Errno 2] No such file or directory
/Applications/Xcode.app/Contents/Developer/usr/bin/python3: can't open file '/Users/tuepham/polymarket-bot/scripts/us_quote_capture.py': [Errno 2] No such file or directory
/Applications/Xcode.app/Contents/Developer/usr/bin/python3: can't open file '/Users/tuepham/polymarket-bot/scripts/us_quote_capture.py': [Errno 2] No such file or directory
/Applications/Xcode.app/Contents/Developer/usr/bin/python3: can't open file '/Users/tuepham/polymarket-bot/scripts/us_quote_capture.py': [Errno 2] No such file or directory
/Applications/Xcode.app/Contents/Developer/usr/bin/python3: can't open file '/Users/tuepham/polymarket-bot/scripts/us_quote_capture.py': [Errno 2] No such file or directory
/Applications/Xcode.app/Contents/Developer/usr/bin/python3: can't open file '/Users/tuepham/polymarket-bot/scripts/us_quote_capture.py': [Errno 2] No such file or directory
/Applications/Xcode.app/Contents/Developer/usr/bin/python3: can't open file '/Users/tuepham/polymarket-bot/scripts/us_quote_capture.py': [Errno 2] No such file or directory
/Applications/Xcode.app/Contents/Developer/usr/bin/python3: can't open file '/Users/tuepham/polymarket-bot/scripts/us_quote_capture.py': [Errno 2] No such file or directory
/Applications/Xcode.app/Contents/Developer/usr/bin/python3: can't open file '/Users/tuepham/polymarket-bot/scripts/us_quote_capture.py': [Errno 2] No such file or directory
/Applications/Xcode.app/Contents/Developer/usr/bin/python3: can't open file '/Users/tuepham/polymarket-bot/scripts/us_quote_capture.py': [Errno 2] No such file or directory
/Applications/Xcode.app/Contents/Developer/usr/bin/python3: can't open file '/Users/tuepham/polymarket-bot/scripts/us_quote_capture.py': [Errno 2] No such file or directory
/Applications/Xcode.app/Contents/Developer/usr/bin/python3: can't open file '/Users/tuepham/polymarket-bot/scripts/us_quote_capture.py': [Errno 2] No such file or directory
/Applications/Xcode.app/Contents/Developer/usr/bin/python3: can't open file '/Users/tuepham/polymarket-bot/scripts/us_quote_capture.py': [Errno 2] No such file or directory
/Applications/Xcode.app/Contents/Developer/usr/bin/python3: can't open file '/Users/tuepham/polymarket-bot/scripts/us_quote_capture.py': [Errno 2] No such file or directory
/Applications/Xcode.app/Contents/Developer/usr/bin/python3: can't open file '/Users/tuepham/polymarket-bot/scripts/us_quote_capture.py': [Errno 2] No such file or directory
/Applications/Xcode.app/Contents/Developer/usr/bin/python3: can't open file '/Users/tuepham/polymarket-bot/scripts/us_quote_capture.py': [Errno 2] No such file or directory
/Applications/Xcode.app/Contents/Developer/usr/bin/python3: can't open file '/Users/tuepham/polymarket-bot/scripts/us_quote_capture.py': [Errno 2] No such file or directory
/Applications/Xcode.app/Contents/Developer/usr/bin/python3: can't open file '/Users/tuepham/polymarket-bot/scripts/us_quote_capture.py': [Errno 2] No such file or directory
/Applications/Xcode.app/Contents/Developer/usr/bin/python3: can't open file '/Users/tuepham/polymarket-bot/scripts/us_quote_capture.py': [Errno 2] No such file or directory
/Applications/Xcode.app/Contents/Developer/usr/bin/python3: can't open file '/Users/tuepham/polymarket-bot/scripts/us_quote_capture.py': [Errno 2] No such file or directory
/Applications/Xcode.app/Contents/Developer/usr/bin/python3: can't open file '/Users/tuepham/polymarket-bot/scripts/us_quote_capture.py': [Errno 2] No such file or directory
/Applications/Xcode.app/Contents/Developer/usr/bin/python3: can't open file '/Users/tuepham/polymarket-bot/scripts/us_quote_capture.py': [Errno 2] No such file or directory
/Applications/Xcode.app/Contents/Developer/usr/bin/python3: can't open file '/Users/tuepham/polymarket-bot/scripts/us_quote_capture.py': [Errno 2] No such file or directory
/Applications/Xcode.app/Contents/Developer/usr/bin/python3: can't open file '/Users/tuepham/polymarket-bot/scripts/us_quote_capture.py': [Errno 2] No such file or directory
/Applications/Xcode.app/Contents/Developer/usr/bin/python3: can't open file '/Users/tuepham/polymarket-bot/scripts/us_quote_capture.py': [Errno 2] No such file or directory
/Applications/Xcode.app/Contents/Developer/usr/bin/python3: can't open file '/Users/tuepham/polymarket-bot/scripts/us_quote_capture.py': [Errno 2] No such file or directory
/Applications/Xcode.app/Contents/Developer/usr/bin/python3: can't open file '/Users/tuepham/polymarket-bot/scripts/us_quote_capture.py': [Errno 2] No such file or directory
/Applications/Xcode.app/Contents/Developer/usr/bin/python3: can't open file '/Users/tuepham/polymarket-bot/scripts/us_quote_capture.py': [Errno 2] No such file or directory
/Applications/Xcode.app/Contents/Developer/usr/bin/python3: can't open file '/Users/tuepham/polymarket-bot/scripts/us_quote_capture.py': [Errno 2] No such file or directory
/Applications/Xcode.app/Contents/Developer/usr/bin/python3: can't open file '/Users/tuepham/polymarket-bot/scripts/us_quote_capture.py': [Errno 2] No such file or directory
/Applications/Xcode.app/Contents/Developer/usr/bin/python3: can't open file '/Users/tuepham/polymarket-bot/scripts/us_quote_capture.py': [Errno 2] No such file or directory
/Applications/Xcode.app/Contents/Developer/usr/bin/python3: can't open file '/Users/tuepham/polymarket-bot/scripts/us_quote_capture.py': [Errno 2] No such file or directory
/Applications/Xcode.app/Contents/Developer/usr/bin/python3: can't open file '/Users/tuepham/polymarket-bot/scripts/us_quote_capture.py': [Errno 2] No such file or directory
/Applications/Xcode.app/Contents/Developer/usr/bin/python3: can't open file '/Users/tuepham/polymarket-bot/scripts/us_quote_capture.py': [Errno 2] No such file or directory
/Applications/Xcode.app/Contents/Developer/usr/bin/python3: can't open file '/Users/tuepham/polymarket-bot/scripts/us_quote_capture.py': [Errno 2] No such file or directory
/Applications/Xcode.app/Contents/Developer/usr/bin/python3: can't open file '/Users/tuepham/polymarket-bot/scripts/us_quote_capture.py': [Errno 2] No such file or directory
/Applications/Xcode.app/Contents/Developer/usr/bin/python3: can't open file '/Users/tuepham/polymarket-bot/scripts/us_quote_capture.py': [Errno 2] No such file or directory
/Applications/Xcode.app/Contents/Developer/usr/bin/python3: can't open file '/Users/tuepham/polymarket-bot/scripts/us_quote_capture.py': [Errno 2] No such file or directory
/Applications/Xcode.app/Contents/Developer/usr/bin/python3: can't open file '/Users/tuepham/polymarket-bot/scripts/us_quote_capture.py': [Errno 2] No such file or directory
/Applications/Xcode.app/Contents/Developer/usr/bin/python3: can't open file '/Users/tuepham/polymarket-bot/scripts/us_quote_capture.py': [Errno 2] No such file or directory
/Applications/Xcode.app/Contents/Developer/usr/bin/python3: can't open file '/Users/tuepham/polymarket-bot/scripts/us_quote_capture.py': [Errno 2] No such file or directory
/Applications/Xcode.app/Contents/Developer/usr/bin/python3: can't open file '/Users/tuepham/polymarket-bot/scripts/us_quote_capture.py': [Errno 2] No such file or directory
/Applications/Xcode.app/Contents/Developer/usr/bin/python3: can't open file '/Users/tuepham/polymarket-bot/scripts/us_quote_capture.py': [Errno 2] No such file or directory
/Applications/Xcode.app/Contents/Developer/usr/bin/python3: can't open file '/Users/tuepham/polymarket-bot/scripts/us_quote_capture.py': [Errno 2] No such file or directory
/Applications/Xcode.app/Contents/Developer/usr/bin/python3: can't open file '/Users/tuepham/polymarket-bot/scripts/us_quote_capture.py': [Errno 2] No such file or directory
/Applications/Xcode.app/Contents/Developer/usr/bin/python3: can't open file '/Users/tuepham/polymarket-bot/scripts/us_quote_capture.py': [Errno 2] No such file or directory
/Applications/Xcode.app/Contents/Developer/usr/bin/python3: can't open file '/Users/tuepham/polymarket-bot/scripts/us_quote_capture.py': [Errno 2] No such file or directory
/Applications/Xcode.app/Contents/Developer/usr/bin/python3: can't open file '/Users/tuepham/polymarket-bot/scripts/us_quote_capture.py': [Errno 2] No such file or directory
/Applications/Xcode.app/Contents/Developer/usr/bin/python3: can't open file '/Users/tuepham/polymarket-bot/scripts/us_quote_capture.py': [Errno 2] No such file or directory
/Applications/Xcode.app/Contents/Developer/usr/bin/python3: can't open file '/Users/tuepham/polymarket-bot/scripts/us_quote_capture.py': [Errno 2] No such file or directory
/Applications/Xcode.app/Contents/Developer/usr/bin/python3: can't open file '/Users/tuepham/polymarket-bot/scripts/us_quote_capture.py': [Errno 2] No such file or directory
/Applications/Xcode.app/Contents/Developer/usr/bin/python3: can't open file '/Users/tuepham/polymarket-bot/scripts/us_quote_capture.py': [Errno 2] No such file or directory
/Applications/Xcode.app/Contents/Developer/usr/bin/python3: can't open file '/Users/tuepham/polymarket-bot/scripts/us_quote_capture.py': [Errno 2] No such file or directory
/Applications/Xcode.app/Contents/Developer/usr/bin/python3: can't open file '/Users/tuepham/polymarket-bot/scripts/us_quote_capture.py': [Errno 2] No such file or directory
/Applications/Xcode.app/Contents/Developer/usr/bin/python3: can't open file '/Users/tuepham/polymarket-bot/scripts/us_quote_capture.py': [Errno 2] No such file or directory
/Applications/Xcode.app/Contents/Developer/usr/bin/python3: can't open file '/Users/tuepham/polymarket-bot/scripts/us_quote_capture.py': [Errno 2] No such file or directory
/Applications/Xcode.app/Contents/Developer/usr/bin/python3: can't open file '/Users/tuepham/polymarket-bot/scripts/us_quote_capture.py': [Errno 2] No such file or directory
/Applications/Xcode.app/Contents/Developer/usr/bin/python3: can't open file '/Users/tuepham/polymarket-bot/scripts/us_quote_capture.py': [Errno 2] No such file or directory
/Applications/Xcode.app/Contents/Developer/usr/bin/python3: can't open file '/Users/tuepham/polymarket-bot/scripts/us_quote_capture.py': [Errno 2] No such file or directory
/Applications/Xcode.app/Contents/Developer/usr/bin/python3: can't open file '/Users/tuepham/polymarket-bot/scripts/us_quote_capture.py': [Errno 2] No such file or directory
/Applications/Xcode.app/Contents/Developer/usr/bin/python3: can't open file '/Users/tuepham/polymarket-bot/scripts/us_quote_capture.py': [Errno 2] No such file or directory
/Applications/Xcode.app/Contents/Developer/usr/bin/python3: can't open file '/Users/tuepham/polymarket-bot/scripts/us_quote_capture.py': [Errno 2] No such file or directory
/Applications/Xcode.app/Contents/Developer/usr/bin/python3: can't open file '/Users/tuepham/polymarket-bot/scripts/us_quote_capture.py': [Errno 2] No such file or directory
/Applications/Xcode.app/Contents/Developer/usr/bin/python3: can't open file '/Users/tuepham/polymarket-bot/scripts/us_quote_capture.py': [Errno 2] No such file or directory
/Applications/Xcode.app/Contents/Developer/usr/bin/python3: can't open file '/Users/tuepham/polymarket-bot/scripts/us_quote_capture.py': [Errno 2] No such file or directory
/Applications/Xcode.app/Contents/Developer/usr/bin/python3: can't open file '/Users/tuepham/polymarket-bot/scripts/us_quote_capture.py': [Errno 2] No such file or directory
/Applications/Xcode.app/Contents/Developer/usr/bin/python3: can't open file '/Users/tuepham/polymarket-bot/scripts/us_quote_capture.py': [Errno 2] No such file or directory
/Applications/Xcode.app/Contents/Developer/usr/bin/python3: can't open file '/Users/tuepham/polymarket-bot/scripts/us_quote_capture.py': [Errno 2] No such file or directory
/Applications/Xcode.app/Contents/Developer/usr/bin/python3: can't open file '/Users/tuepham/polymarket-bot/scripts/us_quote_capture.py': [Errno 2] No such file or directory
/Applications/Xcode.app/Contents/Developer/usr/bin/python3: can't open file '/Users/tuepham/polymarket-bot/scripts/us_quote_capture.py': [Errno 2] No such file or directory
/Applications/Xcode.app/Contents/Developer/usr/bin/python3: can't open file '/Users/tuepham/polymarket-bot/scripts/us_quote_capture.py': [Errno 2] No such file or directory
/Applications/Xcode.app/Contents/Developer/usr/bin/python3: can't open file '/Users/tuepham/polymarket-bot/scripts/us_quote_capture.py': [Errno 2] No such file or directory
/Applications/Xcode.app/Contents/Developer/usr/bin/python3: can't open file '/Users/tuepham/polymarket-bot/scripts/us_quote_capture.py': [Errno 2] No such file or directory
/Applications/Xcode.app/Contents/Developer/usr/bin/python3: can't open file '/Users/tuepham/polymarket-bot/scripts/us_quote_capture.py': [Errno 2] No such file or directory
/Applications/Xcode.app/Contents/Developer/usr/bin/python3: can't open file '/Users/tuepham/polymarket-bot/scripts/us_quote_capture.py': [Errno 2] No such file or directory
/Applications/Xcode.app/Contents/Developer/usr/bin/python3: can't open file '/Users/tuepham/polymarket-bot/scripts/us_quote_capture.py': [Errno 2] No such file or directory
/Applications/Xcode.app/Contents/Developer/usr/bin/python3: can't open file '/Users/tuepham/polymarket-bot/scripts/us_quote_capture.py': [Errno 2] No such file or directory
/Applications/Xcode.app/Contents/Developer/usr/bin/python3: can't open file '/Users/tuepham/polymarket-bot/scripts/us_quote_capture.py': [Errno 2] No such file or directory
/Applications/Xcode.app/Contents/Developer/usr/bin/python3: can't open file '/Users/tuepham/polymarket-bot/scripts/us_quote_capture.py': [Errno 2] No such file or directory
/Applications/Xcode.app/Contents/Developer/usr/bin/python3: can't open file '/Users/tuepham/polymarket-bot/scripts/us_quote_capture.py': [Errno 2] No such file or directory
/Applications/Xcode.app/Contents/Developer/usr/bin/python3: can't open file '/Users/tuepham/polymarket-bot/scripts/us_quote_capture.py': [Errno 2] No such file or directory
/Applications/Xcode.app/Contents/Developer/usr/bin/python3: can't open file '/Users/tuepham/polymarket-bot/scripts/us_quote_capture.py': [Errno 2] No such file or directory
/Applications/Xcode.app/Contents/Developer/usr/bin/python3: can't open file '/Users/tuepham/polymarket-bot/scripts/us_quote_capture.py': [Errno 2] No such file or directory
/Applications/Xcode.app/Contents/Developer/usr/bin/python3: can't open file '/Users/tuepham/polymarket-bot/scripts/us_quote_capture.py': [Errno 2] No such file or directory
/Applications/Xcode.app/Contents/Developer/usr/bin/python3: can't open file '/Users/tuepham/polymarket-bot/scripts/us_quote_capture.py': [Errno 2] No such file or directory
/Applications/Xcode.app/Contents/Developer/usr/bin/python3: can't open file '/Users/tuepham/polymarket-bot/scripts/us_quote_capture.py': [Errno 2] No such file or directory
/Applications/Xcode.app/Contents/Developer/usr/bin/python3: can't open file '/Users/tuepham/polymarket-bot/scripts/us_quote_capture.py': [Errno 2] No such file or directory
/Applications/Xcode.app/Contents/Developer/usr/bin/python3: can't open file '/Users/tuepham/polymarket-bot/scripts/us_quote_capture.py': [Errno 2] No such file or directory
/Applications/Xcode.app/Contents/Developer/usr/bin/python3: can't open file '/Users/tuepham/polymarket-bot/scripts/us_quote_capture.py': [Errno 2] No such file or directory
/Applications/Xcode.app/Contents/Developer/usr/bin/python3: can't open file '/Users/tuepham/polymarket-bot/scripts/us_quote_capture.py': [Errno 2] No such file or directory
/Applications/Xcode.app/Contents/Developer/usr/bin/python3: can't open file '/Users/tuepham/polymarket-bot/scripts/us_quote_capture.py': [Errno 2] No such file or directory
/Applications/Xcode.app/Contents/Developer/usr/bin/python3: can't open file '/Users/tuepham/polymarket-bot/scripts/us_quote_capture.py': [Errno 2] No such file or directory
/Applications/Xcode.app/Contents/Developer/usr/bin/python3: can't open file '/Users/tuepham/polymarket-bot/scripts/us_quote_capture.py': [Errno 2] No such file or directory
/Applications/Xcode.app/Contents/Developer/usr/bin/python3: can't open file '/Users/tuepham/polymarket-bot/scripts/us_quote_capture.py': [Errno 2] No such file or directory
/Applications/Xcode.app/Contents/Developer/usr/bin/python3: can't open file '/Users/tuepham/polymarket-bot/scripts/us_quote_capture.py': [Errno 2] No such file or directory
/Applications/Xcode.app/Contents/Developer/usr/bin/python3: can't open file '/Users/tuepham/polymarket-bot/scripts/us_quote_capture.py': [Errno 2] No such file or directory
/Applications/Xcode.app/Contents/Developer/usr/bin/python3: can't open file '/Users/tuepham/polymarket-bot/scripts/us_quote_capture.py': [Errno 2] No such file or directory
/Applications/Xcode.app/Contents/Developer/usr/bin/python3: can't open file '/Users/tuepham/polymarket-bot/scripts/us_quote_capture.py': [Errno 2] No such file or directory
/Applications/Xcode.app/Contents/Developer/usr/bin/python3: can't open file '/Users/tuepham/polymarket-bot/scripts/us_quote_capture.py': [Errno 2] No such file or directory
/Applications/Xcode.app/Contents/Developer/usr/bin/python3: can't open file '/Users/tuepham/polymarket-bot/scripts/us_quote_capture.py': [Errno 2] No such file or directory
/Applications/Xcode.app/Contents/Developer/usr/bin/python3: can't open file '/Users/tuepham/polymarket-bot/scripts/us_quote_capture.py': [Errno 2] No such file or directory
/Applications/Xcode.app/Contents/Developer/usr/bin/python3: can't open file '/Users/tuepham/polymarket-bot/scripts/us_quote_capture.py': [Errno 2] No such file or directory
/Applications/Xcode.app/Contents/Developer/usr/bin/python3: can't open file '/Users/tuepham/polymarket-bot/scripts/us_quote_capture.py': [Errno 2] No such file or directory
/Applications/Xcode.app/Contents/Developer/usr/bin/python3: can't open file '/Users/tuepham/polymarket-bot/scripts/us_quote_capture.py': [Errno 2] No such file or directory
/Applications/Xcode.app/Contents/Developer/usr/bin/python3: can't open file '/Users/tuepham/polymarket-bot/scripts/us_quote_capture.py': [Errno 2] No such file or directory
/Applications/Xcode.app/Contents/Developer/usr/bin/python3: can't open file '/Users/tuepham/polymarket-bot/scripts/us_quote_capture.py': [Errno 2] No such file or directory
/Applications/Xcode.app/Contents/Developer/usr/bin/python3: can't open file '/Users/tuepham/polymarket-bot/scripts/us_quote_capture.py': [Errno 2] No such file or directory
/Applications/Xcode.app/Contents/Developer/usr/bin/python3: can't open file '/Users/tuepham/polymarket-bot/scripts/us_quote_capture.py': [Errno 2] No such file or directory
/Applications/Xcode.app/Contents/Developer/usr/bin/python3: can't open file '/Users/tuepham/polymarket-bot/scripts/us_quote_capture.py': [Errno 2] No such file or directory
/Applications/Xcode.app/Contents/Developer/usr/bin/python3: can't open file '/Users/tuepham/polymarket-bot/scripts/us_quote_capture.py': [Errno 2] No such file or directory
/Applications/Xcode.app/Contents/Developer/usr/bin/python3: can't open file '/Users/tuepham/polymarket-bot/scripts/us_quote_capture.py': [Errno 2] No such file or directory
/Applications/Xcode.app/Contents/Developer/usr/bin/python3: can't open file '/Users/tuepham/polymarket-bot/scripts/us_quote_capture.py': [Errno 2] No such file or directory
/Applications/Xcode.app/Contents/Developer/usr/bin/python3: can't open file '/Users/tuepham/polymarket-bot/scripts/us_quote_capture.py': [Errno 2] No such file or directory
/Applications/Xcode.app/Contents/Developer/usr/bin/python3: can't open file '/Users/tuepham/polymarket-bot/scripts/us_quote_capture.py': [Errno 2] No such file or directory
/Applications/Xcode.app/Contents/Developer/usr/bin/python3: can't open file '/Users/tuepham/polymarket-bot/scripts/us_quote_capture.py': [Errno 2] No such file or directory
/Applications/Xcode.app/Contents/Developer/usr/bin/python3: can't open file '/Users/tuepham/polymarket-bot/scripts/us_quote_capture.py': [Errno 2] No such file or directory
/Applications/Xcode.app/Contents/Developer/usr/bin/python3: can't open file '/Users/tuepham/polymarket-bot/scripts/us_quote_capture.py': [Errno 2] No such file or directory
/Applications/Xcode.app/Contents/Developer/usr/bin/python3: can't open file '/Users/tuepham/polymarket-bot/scripts/us_quote_capture.py': [Errno 2] No such file or directory
/Applications/Xcode.app/Contents/Developer/usr/bin/python3: can't open file '/Users/tuepham/polymarket-bot/scripts/us_quote_capture.py': [Errno 2] No such file or directory
/Applications/Xcode.app/Contents/Developer/usr/bin/python3: can't open file '/Users/tuepham/polymarket-bot/scripts/us_quote_capture.py': [Errno 2] No such file or directory
/Applications/Xcode.app/Contents/Developer/usr/bin/python3: can't open file '/Users/tuepham/polymarket-bot/scripts/us_quote_capture.py': [Errno 2] No such file or directory
/Applications/Xcode.app/Contents/Developer/usr/bin/python3: can't open file '/Users/tuepham/polymarket-bot/scripts/us_quote_capture.py': [Errno 2] No such file or directory
/Applications/Xcode.app/Contents/Developer/usr/bin/python3: can't open file '/Users/tuepham/polymarket-bot/scripts/us_quote_capture.py': [Errno 2] No such file or directory
/Applications/Xcode.app/Contents/Developer/usr/bin/python3: can't open file '/Users/tuepham/polymarket-bot/scripts/us_quote_capture.py': [Errno 2] No such file or directory
/Applications/Xcode.app/Contents/Developer/usr/bin/python3: can't open file '/Users/tuepham/polymarket-bot/scripts/us_quote_capture.py': [Errno 2] No such file or directory
/Applications/Xcode.app/Contents/Developer/usr/bin/python3: can't open file '/Users/tuepham/polymarket-bot/scripts/us_quote_capture.py': [Errno 2] No such file or directory
/Applications/Xcode.app/Contents/Developer/usr/bin/python3: can't open file '/Users/tuepham/polymarket-bot/scripts/us_quote_capture.py': [Errno 2] No such file or directory
/Applications/Xcode.app/Contents/Developer/usr/bin/python3: can't open file '/Users/tuepham/polymarket-bot/scripts/us_quote_capture.py': [Errno 2] No such file or directory
/Applications/Xcode.app/Contents/Developer/usr/bin/python3: can't open file '/Users/tuepham/polymarket-bot/scripts/us_quote_capture.py': [Errno 2] No such file or directory
/Applications/Xcode.app/Contents/Developer/usr/bin/python3: can't open file '/Users/tuepham/polymarket-bot/scripts/us_quote_capture.py': [Errno 2] No such file or directory
/Applications/Xcode.app/Contents/Developer/usr/bin/python3: can't open file '/Users/tuepham/polymarket-bot/scripts/us_quote_capture.py': [Errno 2] No such file or directory
/Applications/Xcode.app/Contents/Developer/usr/bin/python3: can't open file '/Users/tuepham/polymarket-bot/scripts/us_quote_capture.py': [Errno 2] No such file or directory
/Applications/Xcode.app/Contents/Developer/usr/bin/python3: can't open file '/Users/tuepham/polymarket-bot/scripts/us_quote_capture.py': [Errno 2] No such file or directory
/Applications/Xcode.app/Contents/Developer/usr/bin/python3: can't open file '/Users/tuepham/polymarket-bot/scripts/us_quote_capture.py': [Errno 2] No such file or directory
/Applications/Xcode.app/Contents/Developer/usr/bin/python3: can't open file '/Users/tuepham/polymarket-bot/scripts/us_quote_capture.py': [Errno 2] No such file or directory
/Applications/Xcode.app/Contents/Developer/usr/bin/python3: can't open file '/Users/tuepham/polymarket-bot/scripts/us_quote_capture.py': [Errno 2] No such file or directory
/Applications/Xcode.app/Contents/Developer/usr/bin/python3: can't open file '/Users/tuepham/polymarket-bot/scripts/us_quote_capture.py': [Errno 2] No such file or directory
/Applications/Xcode.app/Contents/Developer/usr/bin/python3: can't open file '/Users/tuepham/polymarket-bot/scripts/us_quote_capture.py': [Errno 2] No such file or directory
/Applications/Xcode.app/Contents/Developer/usr/bin/python3: can't open file '/Users/tuepham/polymarket-bot/scripts/us_quote_capture.py': [Errno 2] No such file or directory
/Applications/Xcode.app/Contents/Developer/usr/bin/python3: can't open file '/Users/tuepham/polymarket-bot/scripts/us_quote_capture.py': [Errno 2] No such file or directory
/Applications/Xcode.app/Contents/Developer/usr/bin/python3: can't open file '/Users/tuepham/polymarket-bot/scripts/us_quote_capture.py': [Errno 2] No such file or directory
/Applications/Xcode.app/Contents/Developer/usr/bin/python3: can't open file '/Users/tuepham/polymarket-bot/scripts/us_quote_capture.py': [Errno 2] No such file or directory
/Applications/Xcode.app/Contents/Developer/usr/bin/python3: can't open file '/Users/tuepham/polymarket-bot/scripts/us_quote_capture.py': [Errno 2] No such file or directory
/Applications/Xcode.app/Contents/Developer/usr/bin/python3: can't open file '/Users/tuepham/polymarket-bot/scripts/us_quote_capture.py': [Errno 2] No such file or directory
/Applications/Xcode.app/Contents/Developer/usr/bin/python3: can't open file '/Users/tuepham/polymarket-bot/scripts/us_quote_capture.py': [Errno 2] No such file or directory
/Applications/Xcode.app/Contents/Developer/usr/bin/python3: can't open file '/Users/tuepham/polymarket-bot/scripts/us_quote_capture.py': [Errno 2] No such file or directory
/Applications/Xcode.app/Contents/Developer/usr/bin/python3: can't open file '/Users/tuepham/polymarket-bot/scripts/us_quote_capture.py': [Errno 2] No such file or directory
/Applications/Xcode.app/Contents/Developer/usr/bin/python3: can't open file '/Users/tuepham/polymarket-bot/scripts/us_quote_capture.py': [Errno 2] No such file or directory
/Applications/Xcode.app/Contents/Developer/usr/bin/python3: can't open file '/Users/tuepham/polymarket-bot/scripts/us_quote_capture.py': [Errno 2] No such file or directory
/Applications/Xcode.app/Contents/Developer/usr/bin/python3: can't open file '/Users/tuepham/polymarket-bot/scripts/us_quote_capture.py': [Errno 2] No such file or directory
/Applications/Xcode.app/Contents/Developer/usr/bin/python3: can't open file '/Users/tuepham/polymarket-bot/scripts/us_quote_capture.py': [Errno 2] No such file or directory
/Applications/Xcode.app/Contents/Developer/usr/bin/python3: can't open file '/Users/tuepham/polymarket-bot/scripts/us_quote_capture.py': [Errno 2] No such file or directory
/Applications/Xcode.app/Contents/Developer/usr/bin/python3: can't open file '/Users/tuepham/polymarket-bot/scripts/us_quote_capture.py': [Errno 2] No such file or directory
/Applications/Xcode.app/Contents/Developer/usr/bin/python3: can't open file '/Users/tuepham/polymarket-bot/scripts/us_quote_capture.py': [Errno 2] No such file or directory
/Applications/Xcode.app/Contents/Developer/usr/bin/python3: can't open file '/Users/tuepham/polymarket-bot/scripts/us_quote_capture.py': [Errno 2] No such file or directory
/Applications/Xcode.app/Contents/Developer/usr/bin/python3: can't open file '/Users/tuepham/polymarket-bot/scripts/us_quote_capture.py': [Errno 2] No such file or directory
/Applications/Xcode.app/Contents/Developer/usr/bin/python3: can't open file '/Users/tuepham/polymarket-bot/scripts/us_quote_capture.py': [Errno 2] No such file or directory
/Applications/Xcode.app/Contents/Developer/usr/bin/python3: can't open file '/Users/tuepham/polymarket-bot/scripts/us_quote_capture.py': [Errno 2] No such file or directory
/Applications/Xcode.app/Contents/Developer/usr/bin/python3: can't open file '/Users/tuepham/polymarket-bot/scripts/us_quote_capture.py': [Errno 2] No such file or directory
/Applications/Xcode.app/Contents/Developer/usr/bin/python3: can't open file '/Users/tuepham/polymarket-bot/scripts/us_quote_capture.py': [Errno 2] No such file or directory
/Applications/Xcode.app/Contents/Developer/usr/bin/python3: can't open file '/Users/tuepham/polymarket-bot/scripts/us_quote_capture.py': [Errno 2] No such file or directory
/Applications/Xcode.app/Contents/Developer/usr/bin/python3: can't open file '/Users/tuepham/polymarket-bot/scripts/us_quote_capture.py': [Errno 2] No such file or directory
/Applications/Xcode.app/Contents/Developer/usr/bin/python3: can't open file '/Users/tuepham/polymarket-bot/scripts/us_quote_capture.py': [Errno 2] No such file or directory
/Applications/Xcode.app/Contents/Developer/usr/bin/python3: can't open file '/Users/tuepham/polymarket-bot/scripts/us_quote_capture.py': [Errno 2] No such file or directory
/Applications/Xcode.app/Contents/Developer/usr/bin/python3: can't open file '/Users/tuepham/polymarket-bot/scripts/us_quote_capture.py': [Errno 2] No such file or directory
/Applications/Xcode.app/Contents/Developer/usr/bin/python3: can't open file '/Users/tuepham/polymarket-bot/scripts/us_quote_capture.py': [Errno 2] No such file or directory
/Applications/Xcode.app/Contents/Developer/usr/bin/python3: can't open file '/Users/tuepham/polymarket-bot/scripts/us_quote_capture.py': [Errno 2] No such file or directory
/Applications/Xcode.app/Contents/Developer/usr/bin/python3: can't open file '/Users/tuepham/polymarket-bot/scripts/us_quote_capture.py': [Errno 2] No such file or directory
/Applications/Xcode.app/Contents/Developer/usr/bin/python3: can't open file '/Users/tuepham/polymarket-bot/scripts/us_quote_capture.py': [Errno 2] No such file or directory
/Applications/Xcode.app/Contents/Developer/usr/bin/python3: can't open file '/Users/tuepham/polymarket-bot/scripts/us_quote_capture.py': [Errno 2] No such file or directory
/Applications/Xcode.app/Contents/Developer/usr/bin/python3: can't open file '/Users/tuepham/polymarket-bot/scripts/us_quote_capture.py': [Errno 2] No such file or directory
/Applications/Xcode.app/Contents/Developer/usr/bin/python3: can't open file '/Users/tuepham/polymarket-bot/scripts/us_quote_capture.py': [Errno 2] No such file or directory
/Applications/Xcode.app/Contents/Developer/usr/bin/python3: can't open file '/Users/tuepham/polymarket-bot/scripts/us_quote_capture.py': [Errno 2] No such file or directory
/Applications/Xcode.app/Contents/Developer/usr/bin/python3: can't open file '/Users/tuepham/polymarket-bot/scripts/us_quote_capture.py': [Errno 2] No such file or directory
/Applications/Xcode.app/Contents/Developer/usr/bin/python3: can't open file '/Users/tuepham/polymarket-bot/scripts/us_quote_capture.py': [Errno 2] No such file or directory
/Applications/Xcode.app/Contents/Developer/usr/bin/python3: can't open file '/Users/tuepham/polymarket-bot/scripts/us_quote_capture.py': [Errno 2] No such file or directory
/Applications/Xcode.app/Contents/Developer/usr/bin/python3: can't open file '/Users/tuepham/polymarket-bot/scripts/us_quote_capture.py': [Errno 2] No such file or directory
/Applications/Xcode.app/Contents/Developer/usr/bin/python3: can't open file '/Users/tuepham/polymarket-bot/scripts/us_quote_capture.py': [Errno 2] No such file or directory
/Applications/Xcode.app/Contents/Developer/usr/bin/python3: can't open file '/Users/tuepham/polymarket-bot/scripts/us_quote_capture.py': [Errno 2] No such file or directory
/Applications/Xcode.app/Contents/Developer/usr/bin/python3: can't open file '/Users/tuepham/polymarket-bot/scripts/us_quote_capture.py': [Errno 2] No such file or directory
/Applications/Xcode.app/Contents/Developer/usr/bin/python3: can't open file '/Users/tuepham/polymarket-bot/scripts/us_quote_capture.py': [Errno 2] No such file or directory
/Applications/Xcode.app/Contents/Developer/usr/bin/python3: can't open file '/Users/tuepham/polymarket-bot/scripts/us_quote_capture.py': [Errno 2] No such file or directory
/Applications/Xcode.app/Contents/Developer/usr/bin/python3: can't open file '/Users/tuepham/polymarket-bot/scripts/us_quote_capture.py': [Errno 2] No such file or directory
/Applications/Xcode.app/Contents/Developer/usr/bin/python3: can't open file '/Users/tuepham/polymarket-bot/scripts/us_quote_capture.py': [Errno 2] No such file or directory
/Applications/Xcode.app/Contents/Developer/usr/bin/python3: can't open file '/Users/tuepham/polymarket-bot/scripts/us_quote_capture.py': [Errno 2] No such file or directory
/Applications/Xcode.app/Contents/Developer/usr/bin/python3: can't open file '/Users/tuepham/polymarket-bot/scripts/us_quote_capture.py': [Errno 2] No such file or directory
/Applications/Xcode.app/Contents/Developer/usr/bin/python3: can't open file '/Users/tuepham/polymarket-bot/scripts/us_quote_capture.py': [Errno 2] No such file or directory
/Applications/Xcode.app/Contents/Developer/usr/bin/python3: can't open file '/Users/tuepham/polymarket-bot/scripts/us_quote_capture.py': [Errno 2] No such file or directory
/Applications/Xcode.app/Contents/Developer/usr/bin/python3: can't open file '/Users/tuepham/polymarket-bot/scripts/us_quote_capture.py': [Errno 2] No such file or directory
/Applications/Xcode.app/Contents/Developer/usr/bin/python3: can't open file '/Users/tuepham/polymarket-bot/scripts/us_quote_capture.py': [Errno 2] No such file or directory
/Applications/Xcode.app/Contents/Developer/usr/bin/python3: can't open file '/Users/tuepham/polymarket-bot/scripts/us_quote_capture.py': [Errno 2] No such file or directory
/Applications/Xcode.app/Contents/Developer/usr/bin/python3: can't open file '/Users/tuepham/polymarket-bot/scripts/us_quote_capture.py': [Errno 2] No such file or directory
/Applications/Xcode.app/Contents/Developer/usr/bin/python3: can't open file '/Users/tuepham/polymarket-bot/scripts/us_quote_capture.py': [Errno 2] No such file or directory
/Applications/Xcode.app/Contents/Developer/usr/bin/python3: can't open file '/Users/tuepham/polymarket-bot/scripts/us_quote_capture.py': [Errno 2] No such file or directory
/Applications/Xcode.app/Contents/Developer/usr/bin/python3: can't open file '/Users/tuepham/polymarket-bot/scripts/us_quote_capture.py': [Errno 2] No such file or directory
/Applications/Xcode.app/Contents/Developer/usr/bin/python3: can't open file '/Users/tuepham/polymarket-bot/scripts/us_quote_capture.py': [Errno 2] No such file or directory
/Applications/Xcode.app/Contents/Developer/usr/bin/python3: can't open file '/Users/tuepham/polymarket-bot/scripts/us_quote_capture.py': [Errno 2] No such file or directory
/Applications/Xcode.app/Contents/Developer/usr/bin/python3: can't open file '/Users/tuepham/polymarket-bot/scripts/us_quote_capture.py': [Errno 2] No such file or directory
/Applications/Xcode.app/Contents/Developer/usr/bin/python3: can't open file '/Users/tuepham/polymarket-bot/scripts/us_quote_capture.py': [Errno 2] No such file or directory
/Applications/Xcode.app/Contents/Developer/usr/bin/python3: can't open file '/Users/tuepham/polymarket-bot/scripts/us_quote_capture.py': [Errno 2] No such file or directory
/Applications/Xcode.app/Contents/Developer/usr/bin/python3: can't open file '/Users/tuepham/polymarket-bot/scripts/us_quote_capture.py': [Errno 2] No such file or directory
/Applications/Xcode.app/Contents/Developer/usr/bin/python3: can't open file '/Users/tuepham/polymarket-bot/scripts/us_quote_capture.py': [Errno 2] No such file or directory
/Applications/Xcode.app/Contents/Developer/usr/bin/python3: can't open file '/Users/tuepham/polymarket-bot/scripts/us_quote_capture.py': [Errno 2] No such file or directory
/Applications/Xcode.app/Contents/Developer/usr/bin/python3: can't open file '/Users/tuepham/polymarket-bot/scripts/us_quote_capture.py': [Errno 2] No such file or directory
/Applications/Xcode.app/Contents/Developer/usr/bin/python3: can't open file '/Users/tuepham/polymarket-bot/scripts/us_quote_capture.py': [Errno 2] No such file or directory
/Applications/Xcode.app/Contents/Developer/usr/bin/python3: can't open file '/Users/tuepham/polymarket-bot/scripts/us_quote_capture.py': [Errno 2] No such file or directory
/Applications/Xcode.app/Contents/Developer/usr/bin/python3: can't open file '/Users/tuepham/polymarket-bot/scripts/us_quote_capture.py': [Errno 2] No such file or directory
/Applications/Xcode.app/Contents/Developer/usr/bin/python3: can't open file '/Users/tuepham/polymarket-bot/scripts/us_quote_capture.py': [Errno 2] No such file or directory
/Applications/Xcode.app/Contents/Developer/usr/bin/python3: can't open file '/Users/tuepham/polymarket-bot/scripts/us_quote_capture.py': [Errno 2] No such file or directory
/Applications/Xcode.app/Contents/Developer/usr/bin/python3: can't open file '/Users/tuepham/polymarket-bot/scripts/us_quote_capture.py': [Errno 2] No such file or directory
/Applications/Xcode.app/Contents/Developer/usr/bin/python3: can't open file '/Users/tuepham/polymarket-bot/scripts/us_quote_capture.py': [Errno 2] No such file or directory
/Applications/Xcode.app/Contents/Developer/usr/bin/python3: can't open file '/Users/tuepham/polymarket-bot/scripts/us_quote_capture.py': [Errno 2] No such file or directory
/Applications/Xcode.app/Contents/Developer/usr/bin/python3: can't open file '/Users/tuepham/polymarket-bot/scripts/us_quote_capture.py': [Errno 2] No such file or directory
/Applications/Xcode.app/Contents/Developer/usr/bin/python3: can't open file '/Users/tuepham/polymarket-bot/scripts/us_quote_capture.py': [Errno 2] No such file or directory
/Applications/Xcode.app/Contents/Developer/usr/bin/python3: can't open file '/Users/tuepham/polymarket-bot/scripts/us_quote_capture.py': [Errno 2] No such file or directory
/Applications/Xcode.app/Contents/Developer/usr/bin/python3: can't open file '/Users/tuepham/polymarket-bot/scripts/us_quote_capture.py': [Errno 2] No such file or directory
/Applications/Xcode.app/Contents/Developer/usr/bin/python3: can't open file '/Users/tuepham/polymarket-bot/scripts/us_quote_capture.py': [Errno 2] No such file or directory
/Applications/Xcode.app/Contents/Developer/usr/bin/python3: can't open file '/Users/tuepham/polymarket-bot/scripts/us_quote_capture.py': [Errno 2] No such file or directory
/Applications/Xcode.app/Contents/Developer/usr/bin/python3: can't open file '/Users/tuepham/polymarket-bot/scripts/us_quote_capture.py': [Errno 2] No such file or directory
/Applications/Xcode.app/Contents/Developer/usr/bin/python3: can't open file '/Users/tuepham/polymarket-bot/scripts/us_quote_capture.py': [Errno 2] No such file or directory
/Applications/Xcode.app/Contents/Developer/usr/bin/python3: can't open file '/Users/tuepham/polymarket-bot/scripts/us_quote_capture.py': [Errno 2] No such file or directory
/Applications/Xcode.app/Contents/Developer/usr/bin/python3: can't open file '/Users/tuepham/polymarket-bot/scripts/us_quote_capture.py': [Errno 2] No such file or directory
/Applications/Xcode.app/Contents/Developer/usr/bin/python3: can't open file '/Users/tuepham/polymarket-bot/scripts/us_quote_capture.py': [Errno 2] No such file or directory
/Applications/Xcode.app/Contents/Developer/usr/bin/python3: can't open file '/Users/tuepham/polymarket-bot/scripts/us_quote_capture.py': [Errno 2] No such file or directory
/Applications/Xcode.app/Contents/Developer/usr/bin/python3: can't open file '/Users/tuepham/polymarket-bot/scripts/us_quote_capture.py': [Errno 2] No such file or directory
/Applications/Xcode.app/Contents/Developer/usr/bin/python3: can't open file '/Users/tuepham/polymarket-bot/scripts/us_quote_capture.py': [Errno 2] No such file or directory
/Applications/Xcode.app/Contents/Developer/usr/bin/python3: can't open file '/Users/tuepham/polymarket-bot/scripts/us_quote_capture.py': [Errno 2] No such file or directory
/Applications/Xcode.app/Contents/Developer/usr/bin/python3: can't open file '/Users/tuepham/polymarket-bot/scripts/us_quote_capture.py': [Errno 2] No such file or directory
/Applications/Xcode.app/Contents/Developer/usr/bin/python3: can't open file '/Users/tuepham/polymarket-bot/scripts/us_quote_capture.py': [Errno 2] No such file or directory
/Applications/Xcode.app/Contents/Developer/usr/bin/python3: can't open file '/Users/tuepham/polymarket-bot/scripts/us_quote_capture.py': [Errno 2] No such file or directory
/Applications/Xcode.app/Contents/Developer/usr/bin/python3: can't open file '/Users/tuepham/polymarket-bot/scripts/us_quote_capture.py': [Errno 2] No such file or directory
/Applications/Xcode.app/Contents/Developer/usr/bin/python3: can't open file '/Users/tuepham/polymarket-bot/scripts/us_quote_capture.py': [Errno 2] No such file or directory
/Applications/Xcode.app/Contents/Developer/usr/bin/python3: can't open file '/Users/tuepham/polymarket-bot/scripts/us_quote_capture.py': [Errno 2] No such file or directory
/Applications/Xcode.app/Contents/Developer/usr/bin/python3: can't open file '/Users/tuepham/polymarket-bot/scripts/us_quote_capture.py': [Errno 2] No such file or directory
/Applications/Xcode.app/Contents/Developer/usr/bin/python3: can't open file '/Users/tuepham/polymarket-bot/scripts/us_quote_capture.py': [Errno 2] No such file or directory
/Applications/Xcode.app/Contents/Developer/usr/bin/python3: can't open file '/Users/tuepham/polymarket-bot/scripts/us_quote_capture.py': [Errno 2] No such file or directory
/Applications/Xcode.app/Contents/Developer/usr/bin/python3: can't open file '/Users/tuepham/polymarket-bot/scripts/us_quote_capture.py': [Errno 2] No such file or directory
/Applications/Xcode.app/Contents/Developer/usr/bin/python3: can't open file '/Users/tuepham/polymarket-bot/scripts/us_quote_capture.py': [Errno 2] No such file or directory
/Applications/Xcode.app/Contents/Developer/usr/bin/python3: can't open file '/Users/tuepham/polymarket-bot/scripts/us_quote_capture.py': [Errno 2] No such file or directory
/Applications/Xcode.app/Contents/Developer/usr/bin/python3: can't open file '/Users/tuepham/polymarket-bot/scripts/us_quote_capture.py': [Errno 2] No such file or directory
/Applications/Xcode.app/Contents/Developer/usr/bin/python3: can't open file '/Users/tuepham/polymarket-bot/scripts/us_quote_capture.py': [Errno 2] No such file or directory
/Applications/Xcode.app/Contents/Developer/usr/bin/python3: can't open file '/Users/tuepham/polymarket-bot/scripts/us_quote_capture.py': [Errno 2] No such file or directory
/Applications/Xcode.app/Contents/Developer/usr/bin/python3: can't open file '/Users/tuepham/polymarket-bot/scripts/us_quote_capture.py': [Errno 2] No such file or directory
/Applications/Xcode.app/Contents/Developer/usr/bin/python3: can't open file '/Users/tuepham/polymarket-bot/scripts/us_quote_capture.py': [Errno 2] No such file or directory
/Applications/Xcode.app/Contents/Developer/usr/bin/python3: can't open file '/Users/tuepham/polymarket-bot/scripts/us_quote_capture.py': [Errno 2] No such file or directory
/Applications/Xcode.app/Contents/Developer/usr/bin/python3: can't open file '/Users/tuepham/polymarket-bot/scripts/us_quote_capture.py': [Errno 2] No such file or directory
/Applications/Xcode.app/Contents/Developer/usr/bin/python3: can't open file '/Users/tuepham/polymarket-bot/scripts/us_quote_capture.py': [Errno 2] No such file or directory
/Applications/Xcode.app/Contents/Developer/usr/bin/python3: can't open file '/Users/tuepham/polymarket-bot/scripts/us_quote_capture.py': [Errno 2] No such file or directory
/Applications/Xcode.app/Contents/Developer/usr/bin/python3: can't open file '/Users/tuepham/polymarket-bot/scripts/us_quote_capture.py': [Errno 2] No such file or directory
/Applications/Xcode.app/Contents/Developer/usr/bin/python3: can't open file '/Users/tuepham/polymarket-bot/scripts/us_quote_capture.py': [Errno 2] No such file or directory
/Applications/Xcode.app/Contents/Developer/usr/bin/python3: can't open file '/Users/tuepham/polymarket-bot/scripts/us_quote_capture.py': [Errno 2] No such file or directory
/Applications/Xcode.app/Contents/Developer/usr/bin/python3: can't open file '/Users/tuepham/polymarket-bot/scripts/us_quote_capture.py': [Errno 2] No such file or directory
/Applications/Xcode.app/Contents/Developer/usr/bin/python3: can't open file '/Users/tuepham/polymarket-bot/scripts/us_quote_capture.py': [Errno 2] No such file or directory
/Applications/Xcode.app/Contents/Developer/usr/bin/python3: can't open file '/Users/tuepham/polymarket-bot/scripts/us_quote_capture.py': [Errno 2] No such file or directory
/Applications/Xcode.app/Contents/Developer/usr/bin/python3: can't open file '/Users/tuepham/polymarket-bot/scripts/us_quote_capture.py': [Errno 2] No such file or directory
/Applications/Xcode.app/Contents/Developer/usr/bin/python3: can't open file '/Users/tuepham/polymarket-bot/scripts/us_quote_capture.py': [Errno 2] No such file or directory
/Applications/Xcode.app/Contents/Developer/usr/bin/python3: can't open file '/Users/tuepham/polymarket-bot/scripts/us_quote_capture.py': [Errno 2] No such file or directory
/Applications/Xcode.app/Contents/Developer/usr/bin/python3: can't open file '/Users/tuepham/polymarket-bot/scripts/us_quote_capture.py': [Errno 2] No such file or directory
/Applications/Xcode.app/Contents/Developer/usr/bin/python3: can't open file '/Users/tuepham/polymarket-bot/scripts/us_quote_capture.py': [Errno 2] No such file or directory
/Applications/Xcode.app/Contents/Developer/usr/bin/python3: can't open file '/Users/tuepham/polymarket-bot/scripts/us_quote_capture.py': [Errno 2] No such file or directory
/Applications/Xcode.app/Contents/Developer/usr/bin/python3: can't open file '/Users/tuepham/polymarket-bot/scripts/us_quote_capture.py': [Errno 2] No such file or directory
/Applications/Xcode.app/Contents/Developer/usr/bin/python3: can't open file '/Users/tuepham/polymarket-bot/scripts/us_quote_capture.py': [Errno 2] No such file or directory
/Applications/Xcode.app/Contents/Developer/usr/bin/python3: can't open file '/Users/tuepham/polymarket-bot/scripts/us_quote_capture.py': [Errno 2] No such file or directory
/Applications/Xcode.app/Contents/Developer/usr/bin/python3: can't open file '/Users/tuepham/polymarket-bot/scripts/us_quote_capture.py': [Errno 2] No such file or directory
/Applications/Xcode.app/Contents/Developer/usr/bin/python3: can't open file '/Users/tuepham/polymarket-bot/scripts/us_quote_capture.py': [Errno 2] No such file or directory
/Applications/Xcode.app/Contents/Developer/usr/bin/python3: can't open file '/Users/tuepham/polymarket-bot/scripts/us_quote_capture.py': [Errno 2] No such file or directory
/Applications/Xcode.app/Contents/Developer/usr/bin/python3: can't open file '/Users/tuepham/polymarket-bot/scripts/us_quote_capture.py': [Errno 2] No such file or directory
/Applications/Xcode.app/Contents/Developer/usr/bin/python3: can't open file '/Users/tuepham/polymarket-bot/scripts/us_quote_capture.py': [Errno 2] No such file or directory
/Applications/Xcode.app/Contents/Developer/usr/bin/python3: can't open file '/Users/tuepham/polymarket-bot/scripts/us_quote_capture.py': [Errno 2] No such file or directory
/Applications/Xcode.app/Contents/Developer/usr/bin/python3: can't open file '/Users/tuepham/polymarket-bot/scripts/us_quote_capture.py': [Errno 2] No such file or directory
/Applications/Xcode.app/Contents/Developer/usr/bin/python3: can't open file '/Users/tuepham/polymarket-bot/scripts/us_quote_capture.py': [Errno 2] No such file or directory
/Applications/Xcode.app/Contents/Developer/usr/bin/python3: can't open file '/Users/tuepham/polymarket-bot/scripts/us_quote_capture.py': [Errno 2] No such file or directory
/Applications/Xcode.app/Contents/Developer/usr/bin/python3: can't open file '/Users/tuepham/polymarket-bot/scripts/us_quote_capture.py': [Errno 2] No such file or directory
/Applications/Xcode.app/Contents/Developer/usr/bin/python3: can't open file '/Users/tuepham/polymarket-bot/scripts/us_quote_capture.py': [Errno 2] No such file or directory
/Applications/Xcode.app/Contents/Developer/usr/bin/python3: can't open file '/Users/tuepham/polymarket-bot/scripts/us_quote_capture.py': [Errno 2] No such file or directory
/Applications/Xcode.app/Contents/Developer/usr/bin/python3: can't open file '/Users/tuepham/polymarket-bot/scripts/us_quote_capture.py': [Errno 2] No such file or directory
/Applications/Xcode.app/Contents/Developer/usr/bin/python3: can't open file '/Users/tuepham/polymarket-bot/scripts/us_quote_capture.py': [Errno 2] No such file or directory
/Applications/Xcode.app/Contents/Developer/usr/bin/python3: can't open file '/Users/tuepham/polymarket-bot/scripts/us_quote_capture.py': [Errno 2] No such file or directory
/Applications/Xcode.app/Contents/Developer/usr/bin/python3: can't open file '/Users/tuepham/polymarket-bot/scripts/us_quote_capture.py': [Errno 2] No such file or directory
/Applications/Xcode.app/Contents/Developer/usr/bin/python3: can't open file '/Users/tuepham/polymarket-bot/scripts/us_quote_capture.py': [Errno 2] No such file or directory
/Applications/Xcode.app/Contents/Developer/usr/bin/python3: can't open file '/Users/tuepham/polymarket-bot/scripts/us_quote_capture.py': [Errno 2] No such file or directory
/Applications/Xcode.app/Contents/Developer/usr/bin/python3: can't open file '/Users/tuepham/polymarket-bot/scripts/us_quote_capture.py': [Errno 2] No such file or directory
/Applications/Xcode.app/Contents/Developer/usr/bin/python3: can't open file '/Users/tuepham/polymarket-bot/scripts/us_quote_capture.py': [Errno 2] No such file or directory
/Applications/Xcode.app/Contents/Developer/usr/bin/python3: can't open file '/Users/tuepham/polymarket-bot/scripts/us_quote_capture.py': [Errno 2] No such file or directory
/Applications/Xcode.app/Contents/Developer/usr/bin/python3: can't open file '/Users/tuepham/polymarket-bot/scripts/us_quote_capture.py': [Errno 2] No such file or directory
/Applications/Xcode.app/Contents/Developer/usr/bin/python3: can't open file '/Users/tuepham/polymarket-bot/scripts/us_quote_capture.py': [Errno 2] No such file or directory
/Applications/Xcode.app/Contents/Developer/usr/bin/python3: can't open file '/Users/tuepham/polymarket-bot/scripts/us_quote_capture.py': [Errno 2] No such file or directory
/Applications/Xcode.app/Contents/Developer/usr/bin/python3: can't open file '/Users/tuepham/polymarket-bot/scripts/us_quote_capture.py': [Errno 2] No such file or directory
/Applications/Xcode.app/Contents/Developer/usr/bin/python3: can't open file '/Users/tuepham/polymarket-bot/scripts/us_quote_capture.py': [Errno 2] No such file or directory
/Applications/Xcode.app/Contents/Developer/usr/bin/python3: can't open file '/Users/tuepham/polymarket-bot/scripts/us_quote_capture.py': [Errno 2] No such file or directory
/Applications/Xcode.app/Contents/Developer/usr/bin/python3: can't open file '/Users/tuepham/polymarket-bot/scripts/us_quote_capture.py': [Errno 2] No such file or directory
/Applications/Xcode.app/Contents/Developer/usr/bin/python3: can't open file '/Users/tuepham/polymarket-bot/scripts/us_quote_capture.py': [Errno 2] No such file or directory
/Applications/Xcode.app/Contents/Developer/usr/bin/python3: can't open file '/Users/tuepham/polymarket-bot/scripts/us_quote_capture.py': [Errno 2] No such file or directory
/Applications/Xcode.app/Contents/Developer/usr/bin/python3: can't open file '/Users/tuepham/polymarket-bot/scripts/us_quote_capture.py': [Errno 2] No such file or directory
/Applications/Xcode.app/Contents/Developer/usr/bin/python3: can't open file '/Users/tuepham/polymarket-bot/scripts/us_quote_capture.py': [Errno 2] No such file or directory
/Applications/Xcode.app/Contents/Developer/usr/bin/python3: can't open file '/Users/tuepham/polymarket-bot/scripts/us_quote_capture.py': [Errno 2] No such file or directory
/Applications/Xcode.app/Contents/Developer/usr/bin/python3: can't open file '/Users/tuepham/polymarket-bot/scripts/us_quote_capture.py': [Errno 2] No such file or directory
/Applications/Xcode.app/Contents/Developer/usr/bin/python3: can't open file '/Users/tuepham/polymarket-bot/scripts/us_quote_capture.py': [Errno 2] No such file or directory
/Applications/Xcode.app/Contents/Developer/usr/bin/python3: can't open file '/Users/tuepham/polymarket-bot/scripts/us_quote_capture.py': [Errno 2] No such file or directory
/Applications/Xcode.app/Contents/Developer/usr/bin/python3: can't open file '/Users/tuepham/polymarket-bot/scripts/us_quote_capture.py': [Errno 2] No such file or directory
/Applications/Xcode.app/Contents/Developer/usr/bin/python3: can't open file '/Users/tuepham/polymarket-bot/scripts/us_quote_capture.py': [Errno 2] No such file or directory
/Applications/Xcode.app/Contents/Developer/usr/bin/python3: can't open file '/Users/tuepham/polymarket-bot/scripts/us_quote_capture.py': [Errno 2] No such file or directory
/Applications/Xcode.app/Contents/Developer/usr/bin/python3: can't open file '/Users/tuepham/polymarket-bot/scripts/us_quote_capture.py': [Errno 2] No such file or directory
/Applications/Xcode.app/Contents/Developer/usr/bin/python3: can't open file '/Users/tuepham/polymarket-bot/scripts/us_quote_capture.py': [Errno 2] No such file or directory
/Applications/Xcode.app/Contents/Developer/usr/bin/python3: can't open file '/Users/tuepham/polymarket-bot/scripts/us_quote_capture.py': [Errno 2] No such file or directory
/Applications/Xcode.app/Contents/Developer/usr/bin/python3: can't open file '/Users/tuepham/polymarket-bot/scripts/us_quote_capture.py': [Errno 2] No such file or directory
/Applications/Xcode.app/Contents/Developer/usr/bin/python3: can't open file '/Users/tuepham/polymarket-bot/scripts/us_quote_capture.py': [Errno 2] No such file or directory
/Applications/Xcode.app/Contents/Developer/usr/bin/python3: can't open file '/Users/tuepham/polymarket-bot/scripts/us_quote_capture.py': [Errno 2] No such file or directory
/Applications/Xcode.app/Contents/Developer/usr/bin/python3: can't open file '/Users/tuepham/polymarket-bot/scripts/us_quote_capture.py': [Errno 2] No such file or directory
/Applications/Xcode.app/Contents/Developer/usr/bin/python3: can't open file '/Users/tuepham/polymarket-bot/scripts/us_quote_capture.py': [Errno 2] No such file or directory
/Applications/Xcode.app/Contents/Developer/usr/bin/python3: can't open file '/Users/tuepham/polymarket-bot/scripts/us_quote_capture.py': [Errno 2] No such file or directory
/Applications/Xcode.app/Contents/Developer/usr/bin/python3: can't open file '/Users/tuepham/polymarket-bot/scripts/us_quote_capture.py': [Errno 2] No such file or directory
/Applications/Xcode.app/Contents/Developer/usr/bin/python3: can't open file '/Users/tuepham/polymarket-bot/scripts/us_quote_capture.py': [Errno 2] No such file or directory
/Applications/Xcode.app/Contents/Developer/usr/bin/python3: can't open file '/Users/tuepham/polymarket-bot/scripts/us_quote_capture.py': [Errno 2] No such file or directory
/Applications/Xcode.app/Contents/Developer/usr/bin/python3: can't open file '/Users/tuepham/polymarket-bot/scripts/us_quote_capture.py': [Errno 2] No such file or directory
/Applications/Xcode.app/Contents/Developer/usr/bin/python3: can't open file '/Users/tuepham/polymarket-bot/scripts/us_quote_capture.py': [Errno 2] No such file or directory
/Applications/Xcode.app/Contents/Developer/usr/bin/python3: can't open file '/Users/tuepham/polymarket-bot/scripts/us_quote_capture.py': [Errno 2] No such file or directory
/Applications/Xcode.app/Contents/Developer/usr/bin/python3: can't open file '/Users/tuepham/polymarket-bot/scripts/us_quote_capture.py': [Errno 2] No such file or directory
/Applications/Xcode.app/Contents/Developer/usr/bin/python3: can't open file '/Users/tuepham/polymarket-bot/scripts/us_quote_capture.py': [Errno 2] No such file or directory
/Applications/Xcode.app/Contents/Developer/usr/bin/python3: can't open file '/Users/tuepham/polymarket-bot/scripts/us_quote_capture.py': [Errno 2] No such file or directory
/Applications/Xcode.app/Contents/Developer/usr/bin/python3: can't open file '/Users/tuepham/polymarket-bot/scripts/us_quote_capture.py': [Errno 2] No such file or directory
/Applications/Xcode.app/Contents/Developer/usr/bin/python3: can't open file '/Users/tuepham/polymarket-bot/scripts/us_quote_capture.py': [Errno 2] No such file or directory
/Applications/Xcode.app/Contents/Developer/usr/bin/python3: can't open file '/Users/tuepham/polymarket-bot/scripts/us_quote_capture.py': [Errno 2] No such file or directory
/Applications/Xcode.app/Contents/Developer/usr/bin/python3: can't open file '/Users/tuepham/polymarket-bot/scripts/us_quote_capture.py': [Errno 2] No such file or directory
/Applications/Xcode.app/Contents/Developer/usr/bin/python3: can't open file '/Users/tuepham/polymarket-bot/scripts/us_quote_capture.py': [Errno 2] No such file or directory
/Applications/Xcode.app/Contents/Developer/usr/bin/python3: can't open file '/Users/tuepham/polymarket-bot/scripts/us_quote_capture.py': [Errno 2] No such file or directory
/Applications/Xcode.app/Contents/Developer/usr/bin/python3: can't open file '/Users/tuepham/polymarket-bot/scripts/us_quote_capture.py': [Errno 2] No such file or directory
/Applications/Xcode.app/Contents/Developer/usr/bin/python3: can't open file '/Users/tuepham/polymarket-bot/scripts/us_quote_capture.py': [Errno 2] No such file or directory
/Applications/Xcode.app/Contents/Developer/usr/bin/python3: can't open file '/Users/tuepham/polymarket-bot/scripts/us_quote_capture.py': [Errno 2] No such file or directory
/Applications/Xcode.app/Contents/Developer/usr/bin/python3: can't open file '/Users/tuepham/polymarket-bot/scripts/us_quote_capture.py': [Errno 2] No such file or directory
/Applications/Xcode.app/Contents/Developer/usr/bin/python3: can't open file '/Users/tuepham/polymarket-bot/scripts/us_quote_capture.py': [Errno 2] No such file or directory
/Applications/Xcode.app/Contents/Developer/usr/bin/python3: can't open file '/Users/tuepham/polymarket-bot/scripts/us_quote_capture.py': [Errno 2] No such file or directory
/Applications/Xcode.app/Contents/Developer/usr/bin/python3: can't open file '/Users/tuepham/polymarket-bot/scripts/us_quote_capture.py': [Errno 2] No such file or directory
/Applications/Xcode.app/Contents/Developer/usr/bin/python3: can't open file '/Users/tuepham/polymarket-bot/scripts/us_quote_capture.py': [Errno 2] No such file or directory
/Applications/Xcode.app/Contents/Developer/usr/bin/python3: can't open file '/Users/tuepham/polymarket-bot/scripts/us_quote_capture.py': [Errno 2] No such file or directory
/Applications/Xcode.app/Contents/Developer/usr/bin/python3: can't open file '/Users/tuepham/polymarket-bot/scripts/us_quote_capture.py': [Errno 2] No such file or directory
/Applications/Xcode.app/Contents/Developer/usr/bin/python3: can't open file '/Users/tuepham/polymarket-bot/scripts/us_quote_capture.py': [Errno 2] No such file or directory
/Applications/Xcode.app/Contents/Developer/usr/bin/python3: can't open file '/Users/tuepham/polymarket-bot/scripts/us_quote_capture.py': [Errno 2] No such file or directory
/Applications/Xcode.app/Contents/Developer/usr/bin/python3: can't open file '/Users/tuepham/polymarket-bot/scripts/us_quote_capture.py': [Errno 2] No such file or directory
/Applications/Xcode.app/Contents/Developer/usr/bin/python3: can't open file '/Users/tuepham/polymarket-bot/scripts/us_quote_capture.py': [Errno 2] No such file or directory
/Applications/Xcode.app/Contents/Developer/usr/bin/python3: can't open file '/Users/tuepham/polymarket-bot/scripts/us_quote_capture.py': [Errno 2] No such file or directory
/Applications/Xcode.app/Contents/Developer/usr/bin/python3: can't open file '/Users/tuepham/polymarket-bot/scripts/us_quote_capture.py': [Errno 2] No such file or directory
/Applications/Xcode.app/Contents/Developer/usr/bin/python3: can't open file '/Users/tuepham/polymarket-bot/scripts/us_quote_capture.py': [Errno 2] No such file or directory
/Applications/Xcode.app/Contents/Developer/usr/bin/python3: can't open file '/Users/tuepham/polymarket-bot/scripts/us_quote_capture.py': [Errno 2] No such file or directory
/Applications/Xcode.app/Contents/Developer/usr/bin/python3: can't open file '/Users/tuepham/polymarket-bot/scripts/us_quote_capture.py': [Errno 2] No such file or directory
/Applications/Xcode.app/Contents/Developer/usr/bin/python3: can't open file '/Users/tuepham/polymarket-bot/scripts/us_quote_capture.py': [Errno 2] No such file or directory
/Applications/Xcode.app/Contents/Developer/usr/bin/python3: can't open file '/Users/tuepham/polymarket-bot/scripts/us_quote_capture.py': [Errno 2] No such file or directory
/Applications/Xcode.app/Contents/Developer/usr/bin/python3: can't open file '/Users/tuepham/polymarket-bot/scripts/us_quote_capture.py': [Errno 2] No such file or directory
/Applications/Xcode.app/Contents/Developer/usr/bin/python3: can't open file '/Users/tuepham/polymarket-bot/scripts/us_quote_capture.py': [Errno 2] No such file or directory
/Applications/Xcode.app/Contents/Developer/usr/bin/python3: can't open file '/Users/tuepham/polymarket-bot/scripts/us_quote_capture.py': [Errno 2] No such file or directory
/Applications/Xcode.app/Contents/Developer/usr/bin/python3: can't open file '/Users/tuepham/polymarket-bot/scripts/us_quote_capture.py': [Errno 2] No such file or directory
/Applications/Xcode.app/Contents/Developer/usr/bin/python3: can't open file '/Users/tuepham/polymarket-bot/scripts/us_quote_capture.py': [Errno 2] No such file or directory
/Applications/Xcode.app/Contents/Developer/usr/bin/python3: can't open file '/Users/tuepham/polymarket-bot/scripts/us_quote_capture.py': [Errno 2] No such file or directory
/Applications/Xcode.app/Contents/Developer/usr/bin/python3: can't open file '/Users/tuepham/polymarket-bot/scripts/us_quote_capture.py': [Errno 2] No such file or directory
/Applications/Xcode.app/Contents/Developer/usr/bin/python3: can't open file '/Users/tuepham/polymarket-bot/scripts/us_quote_capture.py': [Errno 2] No such file or directory
/Applications/Xcode.app/Contents/Developer/usr/bin/python3: can't open file '/Users/tuepham/polymarket-bot/scripts/us_quote_capture.py': [Errno 2] No such file or directory
/Applications/Xcode.app/Contents/Developer/usr/bin/python3: can't open file '/Users/tuepham/polymarket-bot/scripts/us_quote_capture.py': [Errno 2] No such file or directory
/Applications/Xcode.app/Contents/Developer/usr/bin/python3: can't open file '/Users/tuepham/polymarket-bot/scripts/us_quote_capture.py': [Errno 2] No such file or directory
/Applications/Xcode.app/Contents/Developer/usr/bin/python3: can't open file '/Users/tuepham/polymarket-bot/scripts/us_quote_capture.py': [Errno 2] No such file or directory
/Applications/Xcode.app/Contents/Developer/usr/bin/python3: can't open file '/Users/tuepham/polymarket-bot/scripts/us_quote_capture.py': [Errno 2] No such file or directory
/Applications/Xcode.app/Contents/Developer/usr/bin/python3: can't open file '/Users/tuepham/polymarket-bot/scripts/us_quote_capture.py': [Errno 2] No such file or directory
/Applications/Xcode.app/Contents/Developer/usr/bin/python3: can't open file '/Users/tuepham/polymarket-bot/scripts/us_quote_capture.py': [Errno 2] No such file or directory
/Applications/Xcode.app/Contents/Developer/usr/bin/python3: can't open file '/Users/tuepham/polymarket-bot/scripts/us_quote_capture.py': [Errno 2] No such file or directory
/Applications/Xcode.app/Contents/Developer/usr/bin/python3: can't open file '/Users/tuepham/polymarket-bot/scripts/us_quote_capture.py': [Errno 2] No such file or directory
/Applications/Xcode.app/Contents/Developer/usr/bin/python3: can't open file '/Users/tuepham/polymarket-bot/scripts/us_quote_capture.py': [Errno 2] No such file or directory
/Applications/Xcode.app/Contents/Developer/usr/bin/python3: can't open file '/Users/tuepham/polymarket-bot/scripts/us_quote_capture.py': [Errno 2] No such file or directory
